aventures,enfants,heureux
0,0,1
0,0,1
3,0,1
0,1,1
3,1,0
0,1,0
0,0,0
0,0,0
7,1,0
0,0,0
0,1,1
0,1,0
0,0,0
0,1,0
12,1,0
0,1,1
0,1,1
1,0,0
1,1,0
0,0,1
0,0,1
0,1,0
0,1,0
0,0,1
0,0,0
0,1,0
12,1,0
0,0,0
7,0,1
0,0,0
0,1,1
2,1,1
0,1,0
0,1,1
3,1,0
0,0,0
0,0,0
0,1,1
0,1,0
1,1,0
0,1,1
7,1,1
0,1,0
0,0,0
0,0,1
0,1,1
0,1,1
0,0,0
12,1,0
12,1,0
12,1,0
3,0,0
0,1,1
7,1,0
0,0,0
7,0,0
0,1,0
0,0,0
1,1,0
0,1,0
1,1,0
0,1,0
0,0,1
0,1,0
0,1,0
0,0,0
7,1,1
1,1,1
0,1,0
0,1,1
0,1,0
0,1,1
12,1,1
12,1,0
0,0,0
0,1,1
0,1,0
0,1,1
0,0,0
3,1,1
7,1,0
0,1,0
1,0,0
1,0,1
0,1,1
0,1,0
0,0,1
0,1,1
0,1,0
0,1,1
0,0,0
0,0,0
1,1,0
3,1,1
0,0,1
3,1,0
0,1,0
1,0,0
1,1,0
0,1,1
0,1,0
0,0,0
0,0,1
7,1,1
7,1,1
0,0,0
0,1,0
0,0,0
0,1,0
0,1,0
0,1,0
0,1,0
7,0,0
12,1,0
0,1,0
0,0,0
0,1,0
0,1,0
0,1,0
0,0,1
0,0,0
0,1,0
7,1,1
7,1,0
0,0,1
1,1,0
0,1,0
0,0,0
0,1,0
0,1,1
0,1,1
0,1,0
0,1,1
2,1,0
0,1,0
0,0,1
0,1,0
0,1,0
0,1,1
0,1,0
0,1,0
0,1,0
0,1,1
12,0,1
0,0,0
12,1,0
0,1,0
1,1,0
12,1,0
12,1,0
7,0,1
0,1,1
0,1,1
0,1,1
0,1,1
0,1,0
0,0,1
0,1,0
0,1,0
7,1,0
0,0,0
0,1,1
1,1,1
0,0,1
0,0,0
0,1,0
0,0,1
0,0,0
0,1,1
0,1,0
0,1,1
3,1,1
0,1,0
0,1,0
0,0,0
12,1,1
0,1,0
0,0,0
0,0,0
0,0,0
7,1,1
0,0,0
0,1,0
1,0,0
0,1,0
0,0,0
0,0,0
0,1,0
7,1,0
1,0,0
1,1,1
0,1,1
0,0,0
0,1,1
0,1,0
1,1,1
0,0,1
0,1,1
0,1,1
0,1,0
0,1,1
0,0,0
0,1,1
0,1,1
0,1,0
7,1,0
0,1,1
0,1,1
0,1,0
0,0,0
0,1,0
0,1,0
0,1,0
0,1,0
0,1,0
0,1,0
0,1,0
3,0,0
7,1,1
0,1,0
0,1,0
7,1,1
0,1,0
0,1,0
0,1,1
0,1,1
2,1,1
0,1,0
0,1,0
0,0,1
7,1,0
0,1,1
0,1,0
0,1,0
0,0,0
1,1,1
0,1,0
0,1,1
0,0,0
0,1,0
7,1,1
0,0,1
0,1,1
0,1,0
0,1,1
0,1,0
0,1,0
2,1,1
0,1,0
0,0,0
0,1,0
0,1,0
0,0,0
0,1,0
0,1,0
0,1,0
0,0,0
0,1,1
7,1,0
7,1,0
0,1,1
0,1,1
0,1,0
0,1,1
0,1,0
0,0,0
0,1,0
0,0,0
0,1,0
0,1,0
0,0,0
0,0,0
0,1,0
0,0,0
3,1,0
1,1,1
0,1,0
0,0,0
2,1,0
0,0,1
0,1,0
0,1,0
0,0,0
12,1,0
0,1,0
0,0,0
0,0,0
0,0,0
1,0,0
3,1,1
12,1,0
7,1,0
7,0,0
1,1,0
0,0,0
0,0,0
0,1,1
0,1,0
1,1,1
12,1,0
0,1,0
7,1,1
0,1,0
0,1,0
0,0,1
0,1,1
0,1,0
0,1,1
7,1,0
0,1,1
0,1,0
0,1,0
0,1,1
0,1,0
1,1,0
0,1,0
12,1,0
1,1,0
0,0,1
0,0,0
0,1,0
0,0,0
0,1,0
0,1,0
12,1,0
0,1,1
12,1,0
0,1,1
0,1,1
0,1,0
0,1,0
0,1,1
0,1,1
0,0,0
0,1,0
0,1,1
0,1,1
0,1,0
0,1,1
0,1,0
0,1,1
3,1,0
0,0,0
0,1,1
0,0,0
0,1,1
3,1,1
0,1,1
12,1,0
0,1,0
0,1,0
0,1,0
12,1,1
0,1,1
0,0,0
0,1,0
0,1,0
0,1,0
0,1,0
2,0,0
0,1,0
1,1,0
0,1,0
0,1,0
0,0,0
0,0,0
0,1,0
0,0,1
7,1,0
1,1,0
0,1,0
0,1,0
0,1,0
0,0,1
0,0,0
12,0,0
0,1,1
0,1,1
0,1,1
12,1,0
0,1,0
0,1,1
0,0,0
7,1,1
0,0,0
0,1,0
12,0,0
12,1,0
0,1,0
0,1,1
0,1,1
0,0,0
0,1,1
0,0,0
0,1,0
0,0,0
7,1,0
0,0,0
0,0,0
0,1,0
0,1,1
0,1,0
0,1,0
0,1,1
0,0,0
0,1,1
0,0,1
0,1,0
0,0,0
0,1,0
0,0,0
0,0,0
0,1,0
0,1,0
0,1,1
0,1,0
12,1,1
0,1,0
0,1,0
0,1,1
0,0,1
0,1,1
2,1,0
0,0,0
0,0,0
0,1,1
0,1,0
0,0,0
0,0,0
0,1,1
0,0,0
0,1,0
0,1,0
0,0,1
0,1,1
0,1,1
0,1,0
0,1,0
0,1,0
12,1,0
0,0,0
0,1,0
0,1,0
0,1,0
0,0,0
12,1,0
0,1,0
0,1,1
0,1,0
0,1,1
0,0,1
0,1,0
7,1,1
0,1,0
0,1,0
0,0,0
2,1,1
0,0,0
0,0,0
0,0,1
0,1,0
0,1,0
12,1,0
0,1,0
0,1,0
0,1,0
0,0,1
0,0,0
0,1,0
7,1,0
2,1,0
7,0,0
0,0,0
0,1,1
0,1,0
3,1,0
12,1,1
0,1,0
0,1,0
12,0,0
2,1,0
0,1,0
0,1,0
0,1,1
0,0,1
0,1,0
0,1,0
1,1,0
0,1,0
0,0,0
0,0,0
0,1,1
0,1,0
0,1,1
0,0,0
0,1,0
12,0,0
2,1,0
0,1,0
0,1,0
0,1,0
0,1,1
7,1,1
0,1,0
2,0,0
0,0,0
0,1,1
12,1,0
0,0,1
7,1,1
7,0,0
0,0,0
0,1,1
0,1,0
2,1,1
0,1,1
0,1,0
0,1,0
0,1,0
1,1,0
0,0,0
0,0,0
0,0,0
3,1,1
1,1,1
12,0,0
1,1,0
0,1,0
1,1,1
0,0,0
0,1,0
2,1,0
0,1,0
0,1,1
7,1,1
3,0,0
3,1,0
0,0,0
0,0,0
2,1,0
12,1,0
12,0,0
0,0,0
3,1,1
0,1,1
0,1,0
0,0,1
0,1,0
0,0,0
0,1,0
0,0,0
0,1,1
0,0,0
0,1,0
7,1,0
0,0,0
0,1,0
7,1,0
0,1,0
12,1,0
0,0,0
0,1,0
0,1,1
0,1,0
7,1,0
0,0,1
0,1,1
0,1,0
0,0,0
0,1,1
12,1,1
0,1,0
0,1,1
0,1,1
0,0,0
0,1,1
0,1,0
0,1,0
0,1,1
0,1,1
0,1,1
0,1,0
0,1,0
3,1,0
0,1,0
7,1,0
1,1,0
0,1,0
7,1,1
0,1,1
0,0,0
0,1,1
0,0,0
2,1,0
2,1,0
0,0,0
0,0,1
1,1,0
0,1,0
0,1,1
0,1,1
