enfant,mere,genre
185.928,170.18,Homme
175.768,170.18,Femme
175.26,170.18,Femme
175.26,170.18,Femme
186.69,168.91,Homme
184.15,168.91,Homme
166.37,168.91,Femme
166.37,168.91,Femme
180.34,162.56,Homme
172.72,162.56,Femme
179.07,162.56,Homme
173.99,162.56,Homme
170.18,162.56,Femme
163.83,162.56,Femme
160.02,162.56,Femme
182.88,148.59,Homme
175.26,148.59,Homme
172.72,148.59,Homme
168.91,148.59,Femme
158.75,148.59,Femme
158.75,148.59,Femme
176.53,172.72,Femme
194.31,172.72,Homme
187.96,172.72,Homme
185.42000000000002,172.72,Homme
185.42000000000002,172.72,Homme
179.07,172.72,Femme
162.56,172.72,Femme
179.07,168.91,Femme
172.72,168.91,Femme
167.64000000000001,168.91,Femme
167.64000000000001,167.64000000000001,Femme
166.37,166.37,Femme
187.96,157.48,Homme
177.8,157.48,Homme
172.72,157.48,Femme
170.18,157.48,Femme
170.18,157.48,Femme
167.64000000000001,157.48,Femme
161.29,157.48,Femme
160.02,157.48,Femme
165.1,154.94,Femme
180.34,170.18,Homme
157.48,170.18,Femme
172.72,170.18,Homme
170.18,170.18,Homme
180.34,168.91,Homme
179.07,168.91,Homme
169.418,168.91,Femme
182.88,165.1,Homme
179.07,165.1,Homme
178.30800000000002,165.1,Homme
178.30800000000002,165.1,Homme
175.768,165.1,Homme
174.49800000000002,165.1,Femme
168.91,165.1,Femme
163.83,165.1,Femme
161.29,165.1,Femme
187.96,163.83,Homme
185.42000000000002,163.83,Homme
181.61,163.83,Homme
158.75,163.83,Homme
168.91,163.83,Femme
158.242,163.83,Femme
167.64000000000001,162.56,Femme
163.83,162.56,Femme
162.56,162.56,Femme
159.258,160.02,Femme
185.928,175.26,Homme
185.42000000000002,175.26,Homme
184.65800000000002,175.26,Homme
177.8,175.26,Femme
175.26,175.26,Femme
173.99,175.26,Femme
172.72,175.26,Femme
167.64000000000001,175.26,Femme
185.42000000000002,172.72,Homme
173.99,172.72,Femme
172.72,172.72,Femme
185.42000000000002,170.18,Homme
180.34,170.18,Homme
170.18,170.18,Femme
188.46800000000002,165.1,Homme
179.07,165.1,Homme
176.53,165.1,Homme
167.64000000000001,165.1,Femme
166.37,165.1,Femme
165.1,165.1,Femme
165.1,165.1,Femme
166.37,166.37,Femme
167.64000000000001,162.56,Femme
160.02,162.56,Femme
179.07,160.02,Homme
179.07,160.02,Homme
175.26,160.02,Homme
165.1,160.02,Femme
160.02,160.02,Femme
175.26,160.02,Homme
170.18,160.02,Homme
160.02,160.02,Femme
185.42000000000002,160.02,Homme
170.18,160.02,Homme
179.07,160.02,Femme
177.8,160.02,Femme
168.91,160.02,Femme
160.02,160.02,Femme
171.45,161.29,Femme
170.68800000000002,161.29,Femme
169.418,161.29,Femme
162.56,157.48,Femme
180.34,157.48,Homme
177.8,157.48,Homme
177.8,157.48,Homme
167.64000000000001,157.48,Femme
165.1,157.48,Femme
165.1,157.48,Femme
187.96,157.48,Homme
182.88,157.48,Homme
175.26,157.48,Homme
171.45,157.48,Femme
161.29,157.48,Femme
182.88,157.48,Homme
181.61,157.48,Homme
181.61,157.48,Homme
177.8,157.48,Homme
172.72,157.48,Femme
166.87800000000001,154.94,Femme
198.12,175.26,Homme
187.96,175.26,Homme
185.42000000000002,175.26,Homme
182.88,175.26,Homme
170.18,175.26,Femme
185.928,170.18,Homme
185.42000000000002,170.18,Homme
175.26,170.18,Homme
170.18,170.18,Femme
177.8,167.64000000000001,Homme
170.18,167.64000000000001,Femme
170.18,167.64000000000001,Femme
168.91,167.64000000000001,Femme
177.8,167.64000000000001,Homme
175.26,167.64000000000001,Homme
173.99,167.64000000000001,Homme
167.64000000000001,167.64000000000001,Femme
163.83,167.64000000000001,Femme
160.02,167.64000000000001,Femme
180.34,167.64000000000001,Homme
170.18,167.64000000000001,Femme
193.04,167.64000000000001,Homme
182.88,167.64000000000001,Homme
180.34,167.64000000000001,Homme
167.64000000000001,167.64000000000001,Homme
167.64000000000001,167.64000000000001,Femme
179.07,166.37,Homme
182.88,166.37,Homme
182.88,166.37,Homme
180.34,166.37,Homme
175.26,166.37,Homme
167.64000000000001,166.37,Femme
165.1,166.37,Femme
185.42000000000002,166.37,Homme
165.608,166.37,Femme
173.99,165.1,Homme
171.958,165.1,Homme
172.72,165.1,Homme
172.72,165.1,Homme
157.48,165.1,Femme
172.72,162.56,Femme
172.72,162.56,Femme
171.45,162.56,Femme
168.91,162.56,Femme
168.91,162.56,Femme
167.64000000000001,162.56,Femme
166.37,162.56,Femme
165.1,162.56,Femme
182.88,163.83,Homme
180.34,163.83,Homme
179.07,163.83,Homme
170.18,163.83,Femme
172.72,162.56,Homme
172.72,162.56,Homme
172.72,162.56,Homme
182.88,163.83,Homme
180.34,163.83,Homme
177.8,163.83,Homme
167.64000000000001,163.83,Femme
163.83,163.83,Femme
163.83,163.83,Femme
157.48,163.83,Femme
185.42000000000002,163.83,Homme
157.48,163.83,Femme
171.45,160.02,Femme
163.83,160.02,Femme
180.34,161.29,Homme
170.18,161.29,Homme
167.64000000000001,161.29,Femme
165.1,161.29,Femme
161.29,161.29,Femme
180.34,160.02,Homme
177.8,160.02,Homme
177.8,160.02,Homme
162.56,160.02,Homme
165.1,160.02,Femme
165.1,160.02,Femme
162.56,160.02,Femme
160.02,160.02,Femme
160.02,160.02,Femme
180.34,160.02,Homme
180.34,160.02,Homme
177.8,160.02,Homme
161.29,160.02,Femme
180.34,157.48,Homme
177.8,157.48,Homme
163.83,157.48,Femme
158.75,157.48,Femme
156.21,157.48,Femme
182.88,157.48,Homme
179.07,157.48,Homme
179.07,157.48,Homme
163.83,157.48,Femme
152.4,157.48,Femme
177.8,158.75,Homme
162.56,158.75,Femme
162.56,158.75,Femme
162.56,158.75,Femme
158.75,158.75,Femme
179.07,157.48,Homme
177.8,157.48,Homme
175.26,157.48,Homme
175.26,157.48,Homme
167.64000000000001,157.48,Homme
163.83,157.48,Femme
162.56,157.48,Femme
157.48,154.94,Femme
181.61,147.32,Homme
175.26,147.32,Homme
180.34,175.26,Homme
177.8,175.26,Homme
175.26,175.26,Homme
175.26,175.26,Femme
177.8,175.26,Homme
174.49800000000002,175.26,Homme
172.72,175.26,Femme
167.64000000000001,175.26,Femme
162.56,175.26,Femme
157.48,175.26,Femme
190.5,172.72,Homme
177.8,170.18,Homme
175.26,170.18,Homme
167.64000000000001,170.18,Femme
162.56,170.18,Femme
152.4,170.18,Femme
171.45,170.18,Femme
185.42000000000002,168.91,Homme
182.88,168.91,Homme
182.88,168.91,Homme
168.91,168.91,Homme
175.768,168.91,Femme
170.68800000000002,168.91,Femme
168.91,168.91,Femme
167.64000000000001,168.91,Femme
167.64000000000001,168.91,Femme
163.068,168.91,Femme
161.798,168.91,Femme
182.88,165.1,Homme
178.30800000000002,165.1,Homme
175.26,165.1,Homme
173.99,165.1,Homme
172.72,165.1,Femme
165.1,165.1,Femme
156.21,165.1,Femme
154.94,165.1,Femme
154.94,165.1,Femme
185.42000000000002,165.1,Homme
182.88,165.1,Homme
179.07,165.1,Homme
165.1,165.1,Homme
165.1,165.1,Homme
163.83,165.1,Femme
160.02,165.1,Femme
157.48,165.1,Femme
170.18,165.1,Homme
165.1,165.1,Homme
163.83,165.1,Femme
158.75,165.1,Femme
158.75,165.1,Femme
177.8,165.1,Homme
177.8,165.1,Homme
170.18,165.1,Femme
165.1,165.1,Femme
165.1,165.1,Femme
160.02,165.1,Femme
200.66,165.1,Homme
190.5,165.1,Homme
180.34,165.1,Homme
175.26,165.1,Femme
170.18,165.1,Femme
166.87800000000001,165.1,Femme
157.48,165.1,Femme
185.42000000000002,165.1,Homme
184.15,165.1,Homme
165.1,165.1,Femme
175.26,165.1,Homme
175.26,165.1,Homme
182.88,164.33800000000002,Homme
177.8,164.33800000000002,Homme
174.49800000000002,164.33800000000002,Homme
168.91,164.33800000000002,Femme
166.37,164.33800000000002,Femme
164.33800000000002,164.33800000000002,Femme
163.83,164.33800000000002,Femme
179.578,162.56,Homme
177.8,162.56,Homme
172.72,162.56,Homme
170.18,162.56,Homme
167.64000000000001,162.56,Homme
165.1,162.56,Homme
170.18,162.56,Femme
177.8,162.56,Homme
172.72,162.56,Homme
169.418,162.56,Homme
166.37,162.56,Femme
182.88,163.068,Homme
177.8,163.068,Homme
158.75,163.068,Femme
155.448,163.068,Femme
152.654,163.068,Femme
187.96,162.56,Homme
176.53,162.56,Homme
175.26,162.56,Homme
172.72,162.56,Homme
172.72,162.56,Homme
172.72,162.56,Homme
166.37,162.56,Femme
165.1,162.56,Femme
152.4,163.83,Femme
172.72,162.56,Homme
165.1,162.56,Femme
162.56,162.56,Femme
157.48,162.56,Femme
180.34,162.56,Homme
177.8,162.56,Homme
177.8,162.56,Homme
177.8,162.56,Homme
176.53,162.56,Homme
173.99,162.56,Homme
175.26,162.56,Femme
165.1,162.56,Femme
162.56,162.56,Femme
177.8,161.798,Homme
170.18,161.798,Homme
166.37,161.798,Homme
161.798,161.798,Femme
160.52800000000002,161.798,Femme
158.75,161.798,Femme
157.988,161.798,Femme
154.94,161.798,Femme
177.8,160.02,Homme
173.99,160.02,Homme
166.37,160.02,Femme
161.29,160.02,Femme
184.15,160.02,Homme
175.26,160.02,Homme
170.18,160.02,Homme
163.83,160.02,Femme
162.56,160.02,Femme
180.34,161.29,Homme
171.45,161.29,Homme
171.45,161.29,Femme
161.29,161.29,Femme
172.72,160.02,Homme
170.18,160.02,Homme
161.798,160.02,Femme
157.48,160.02,Femme
177.8,160.02,Homme
168.91,160.02,Homme
157.48,160.02,Femme
154.94,160.02,Femme
182.88,157.48,Homme
177.8,157.48,Homme
176.53,157.48,Homme
176.53,157.48,Homme
172.72,157.48,Homme
165.1,157.48,Femme
162.56,157.48,Femme
160.02,157.48,Femme
179.578,159.258,Homme
177.038,159.258,Homme
175.768,159.258,Homme
165.608,159.258,Homme
162.56,159.258,Femme
161.29,159.258,Femme
160.52800000000002,159.258,Femme
182.88,157.48,Homme
182.88,157.48,Homme
152.4,157.48,Femme
180.848,154.94,Homme
170.18,154.94,Homme
170.18,152.4,Homme
163.83,152.4,Homme
165.1,152.4,Femme
160.02,152.4,Femme
165.1,152.4,Femme
165.1,152.4,Femme
181.61,148.59,Homme
163.83,148.59,Homme
160.02,148.59,Femme
182.88,147.32,Homme
167.64000000000001,147.32,Homme
167.64000000000001,147.32,Femme
165.1,147.32,Femme
160.02,147.32,Femme
190.5,173.99,Homme
180.34,173.99,Homme
177.8,173.99,Homme
167.64000000000001,173.99,Femme
167.64000000000001,173.99,Femme
166.37,173.99,Femme
165.1,173.99,Femme
165.1,173.99,Femme
162.56,173.99,Femme
162.56,173.99,Femme
162.56,170.18,Femme
185.42000000000002,167.64000000000001,Homme
182.88,167.64000000000001,Homme
182.11800000000002,167.64000000000001,Homme
181.61,167.64000000000001,Homme
166.37,167.64000000000001,Femme
165.1,167.64000000000001,Femme
159.258,167.64000000000001,Femme
158.75,167.64000000000001,Femme
180.848,167.64000000000001,Homme
180.34,167.64000000000001,Homme
177.8,167.64000000000001,Homme
190.5,169.418,Homme
187.96,169.418,Homme
182.88,169.418,Homme
173.99,169.418,Homme
177.8,167.64000000000001,Homme
173.99,167.64000000000001,Homme
172.72,167.64000000000001,Homme
165.1,167.64000000000001,Femme
160.02,167.64000000000001,Femme
158.75,167.64000000000001,Femme
185.42000000000002,168.91,Homme
180.34,168.91,Homme
179.07,168.91,Homme
179.07,168.91,Homme
170.18,168.91,Homme
167.64000000000001,168.91,Homme
154.94,168.91,Femme
179.07,168.91,Homme
171.45,168.91,Homme
163.83,168.91,Femme
162.56,168.91,Femme
180.34,168.91,Homme
173.99,168.91,Femme
171.45,168.91,Femme
167.64000000000001,168.91,Femme
160.02,168.91,Femme
160.02,168.91,Femme
180.34,167.64000000000001,Homme
180.34,167.64000000000001,Homme
179.07,167.64000000000001,Homme
179.07,167.64000000000001,Homme
168.91,167.64000000000001,Femme
166.37,167.64000000000001,Femme
163.83,167.64000000000001,Femme
185.42000000000002,167.64000000000001,Homme
182.88,167.64000000000001,Homme
175.26,167.64000000000001,Homme
175.26,167.64000000000001,Homme
168.91,167.64000000000001,Femme
166.37,167.64000000000001,Femme
166.37,167.64000000000001,Femme
165.1,167.64000000000001,Femme
162.56,167.64000000000001,Femme
177.8,165.1,Homme
173.99,165.1,Homme
170.18,165.1,Homme
165.1,165.1,Femme
162.56,165.1,Femme
161.29,165.1,Femme
154.94,165.1,Femme
177.038,163.83,Homme
172.72,163.83,Homme
152.4,163.83,Homme
165.608,163.83,Femme
163.83,163.83,Femme
161.798,163.83,Femme
152.4,163.83,Femme
182.11800000000002,162.56,Homme
168.91,162.56,Homme
165.1,162.56,Femme
161.29,162.56,Femme
166.37,161.29,Femme
175.26,160.02,Homme
171.45,160.02,Femme
161.29,160.02,Femme
182.88,160.02,Homme
185.42000000000002,160.02,Homme
177.8,160.02,Homme
177.8,160.02,Homme
162.56,160.02,Homme
167.64000000000001,160.02,Femme
157.48,160.02,Femme
179.07,161.29,Homme
170.18,161.29,Homme
167.64000000000001,161.29,Homme
165.1,161.29,Femme
160.02,161.29,Femme
157.48,161.29,Femme
154.94,161.29,Femme
179.07,161.29,Homme
161.798,161.29,Femme
160.02,161.29,Femme
158.75,157.48,Femme
185.42000000000002,157.48,Homme
182.88,157.48,Homme
175.26,157.48,Homme
185.42000000000002,157.48,Homme
180.34,157.48,Homme
180.34,157.48,Homme
175.26,157.48,Homme
160.02,157.48,Femme
182.88,157.48,Homme
177.8,157.48,Homme
172.212,157.48,Homme
165.608,157.48,Femme
164.33800000000002,157.48,Femme
163.83,157.48,Femme
161.29,157.48,Femme
161.29,157.48,Femme
158.75,157.48,Femme
157.48,157.48,Femme
156.21,157.48,Femme
180.34,158.75,Homme
177.8,158.75,Homme
177.8,158.75,Homme
175.26,158.75,Homme
161.29,158.75,Femme
158.75,158.75,Femme
158.75,158.75,Femme
157.48,158.75,Femme
182.88,157.48,Homme
172.72,157.48,Homme
167.64000000000001,157.48,Femme
167.64000000000001,157.48,Femme
177.8,154.94,Homme
176.53,154.94,Homme
175.26,154.94,Homme
160.02,154.94,Femme
157.48,154.94,Femme
172.72,154.94,Homme
172.72,154.94,Homme
171.45,154.94,Homme
162.56,154.94,Homme
160.02,154.94,Homme
160.02,154.94,Homme
161.29,154.94,Femme
157.48,154.94,Femme
157.48,154.94,Femme
179.07,152.4,Homme
172.72,152.4,Femme
158.75,152.4,Femme
175.26,152.4,Homme
167.64000000000001,152.4,Homme
156.71800000000002,152.4,Femme
153.67000000000002,152.4,Femme
176.53,153.67000000000002,Homme
180.34,179.07,Homme
156.71800000000002,179.07,Femme
185.42000000000002,170.18,Homme
180.34,170.18,Homme
170.18,170.18,Femme
177.8,168.91,Homme
175.26,168.91,Homme
175.26,168.91,Homme
174.49800000000002,168.91,Homme
173.99,168.91,Homme
173.99,168.91,Homme
172.72,168.91,Homme
172.72,168.91,Homme
172.72,168.91,Homme
168.148,168.91,Homme
160.52800000000002,168.91,Femme
171.45,165.1,Homme
167.64000000000001,165.1,Homme
167.64000000000001,166.37,Homme
162.56,166.37,Femme
182.11800000000002,166.37,Homme
181.61,166.37,Homme
179.578,166.37,Homme
166.37,166.37,Homme
168.91,166.37,Femme
165.608,166.37,Femme
156.21,166.37,Femme
182.88,165.1,Homme
182.88,165.1,Homme
172.72,165.1,Femme
167.64000000000001,165.1,Femme
175.768,165.1,Homme
172.72,165.1,Homme
167.64000000000001,165.1,Homme
167.64000000000001,165.1,Homme
157.48,165.1,Femme
156.21,165.1,Femme
154.94,165.1,Femme
152.4,165.1,Femme
182.88,165.1,Homme
179.07,165.1,Homme
174.49800000000002,165.1,Homme
173.99,165.1,Homme
171.958,165.1,Homme
162.56,165.1,Femme
161.29,165.1,Femme
160.02,165.1,Femme
180.34,162.56,Homme
172.72,162.56,Homme
172.72,162.56,Homme
170.18,162.56,Homme
165.1,162.56,Femme
162.56,162.56,Femme
160.02,162.56,Femme
160.02,162.56,Femme
157.48,162.56,Femme
154.94,162.56,Femme
167.64000000000001,162.56,Homme
160.02,162.56,Homme
166.37,162.56,Femme
157.48,162.56,Femme
180.848,162.56,Homme
180.848,162.56,Homme
175.26,162.56,Homme
173.99,162.56,Homme
158.75,162.56,Femme
157.48,163.83,Femme
175.26,162.56,Homme
170.18,162.56,Homme
167.64000000000001,162.56,Homme
167.64000000000001,162.56,Femme
167.64000000000001,162.56,Femme
165.1,162.56,Femme
165.1,162.56,Femme
165.1,162.56,Femme
162.56,162.56,Femme
160.02,162.56,Femme
179.07,160.02,Homme
177.8,160.02,Homme
172.72,160.02,Homme
167.64000000000001,160.02,Homme
167.64000000000001,160.02,Homme
167.64000000000001,160.02,Femme
157.48,160.02,Femme
156.21,160.02,Femme
186.69,161.29,Homme
177.8,161.29,Homme
176.53,161.29,Homme
166.37,161.29,Femme
170.18,160.02,Homme
177.8,160.02,Homme
172.72,160.02,Homme
163.83,160.02,Femme
162.56,160.02,Femme
180.34,160.02,Homme
172.72,160.02,Homme
167.64000000000001,160.02,Homme
166.37,160.02,Homme
165.1,160.02,Homme
160.02,160.02,Femme
157.48,160.02,Femme
157.48,160.02,Femme
170.18,160.02,Homme
170.18,160.02,Homme
167.64000000000001,160.02,Homme
162.56,160.02,Femme
161.29,160.02,Femme
154.94,160.02,Femme
173.228,161.29,Homme
177.8,160.02,Homme
177.8,161.29,Homme
175.26,161.29,Homme
170.18,161.29,Homme
166.37,161.29,Homme
163.83,161.29,Femme
173.99,158.75,Homme
171.958,157.48,Homme
156.71800000000002,157.48,Femme
168.91,158.75,Homme
173.99,154.94,Homme
172.72,154.94,Homme
162.56,154.94,Homme
161.29,154.94,Femme
160.02,154.94,Femme
169.418,152.90800000000002,Homme
162.56,152.4,Homme
154.94,152.4,Femme
154.94,152.4,Femme
152.4,152.4,Femme
152.4,152.4,Femme
152.4,152.4,Femme
142.24,152.4,Femme
171.45,152.4,Homme
170.18,152.4,Homme
168.91,152.4,Homme
152.4,152.4,Femme
175.26,149.86,Homme
172.72,149.86,Homme
165.1,149.86,Homme
164.33800000000002,149.86,Homme
162.56,149.86,Homme
162.56,149.86,Homme
160.02,149.86,Homme
165.1,149.86,Femme
165.1,149.86,Femme
157.48,149.86,Femme
154.94,149.86,Femme
184.65800000000002,168.148,Homme
184.65800000000002,168.148,Homme
181.61,168.148,Homme
166.37,168.148,Femme
161.29,168.148,Femme
180.34,168.91,Homme
185.42000000000002,167.64000000000001,Homme
180.34,167.64000000000001,Homme
179.578,167.64000000000001,Homme
177.8,167.64000000000001,Homme
175.26,167.64000000000001,Homme
172.72,167.64000000000001,Femme
166.37,167.64000000000001,Femme
157.48,167.64000000000001,Femme
177.038,165.1,Homme
171.45,165.1,Homme
166.37,165.1,Femme
165.1,165.1,Femme
163.83,165.1,Femme
161.29,165.1,Femme
177.8,166.37,Homme
175.26,166.37,Homme
166.37,166.37,Femme
166.37,166.37,Femme
160.02,166.37,Femme
177.8,166.37,Homme
171.958,166.37,Homme
160.02,166.37,Femme
152.4,166.37,Femme
165.1,165.1,Homme
157.48,165.1,Femme
157.48,165.1,Femme
180.34,165.1,Homme
175.26,165.1,Homme
162.56,165.1,Femme
162.56,165.1,Femme
160.02,165.1,Femme
160.02,165.1,Femme
160.02,165.1,Femme
160.02,165.1,Femme
160.02,165.1,Femme
158.75,165.1,Femme
157.48,165.1,Femme
181.61,162.56,Homme
177.8,162.56,Homme
170.18,162.56,Homme
170.18,162.56,Homme
180.34,161.29,Homme
178.30800000000002,161.29,Homme
175.768,161.29,Homme
173.99,161.29,Homme
172.72,161.29,Homme
170.18,161.29,Homme
166.37,161.29,Homme
161.29,161.29,Femme
175.26,160.02,Homme
172.72,160.02,Homme
160.02,160.02,Femme
177.8,157.48,Homme
176.53,157.48,Homme
175.26,157.48,Homme
173.99,157.48,Homme
167.64000000000001,157.48,Femme
170.18,154.94,Homme
179.07,170.18,Homme
179.07,170.18,Homme
170.18,170.18,Homme
167.64000000000001,170.18,Homme
167.64000000000001,170.18,Homme
157.48,170.18,Femme
157.48,170.18,Femme
156.21,170.18,Femme
182.88,170.18,Homme
165.1,170.18,Homme
165.1,170.18,Homme
170.18,170.18,Femme
162.56,170.18,Femme
162.56,170.18,Femme
157.48,170.18,Femme
152.4,170.18,Femme
152.4,170.18,Femme
167.64000000000001,167.64000000000001,Homme
165.1,167.64000000000001,Homme
170.18,167.64000000000001,Femme
168.91,167.64000000000001,Femme
166.37,167.64000000000001,Femme
182.88,167.64000000000001,Homme
172.72,167.64000000000001,Homme
167.64000000000001,167.64000000000001,Femme
165.1,167.64000000000001,Femme
157.48,167.64000000000001,Femme
154.94,167.64000000000001,Femme
174.49800000000002,165.1,Homme
173.99,165.1,Homme
168.91,165.1,Homme
163.83,165.1,Homme
158.75,165.1,Femme
153.67000000000002,165.1,Femme
153.67000000000002,165.1,Femme
146.05,165.1,Femme
182.88,166.37,Homme
180.34,166.37,Homme
170.18,166.37,Homme
167.64000000000001,166.37,Femme
165.1,166.37,Femme
177.8,160.02,Homme
163.83,161.29,Femme
157.48,161.29,Femme
170.68800000000002,160.02,Homme
170.18,160.02,Homme
165.1,160.02,Homme
165.1,160.02,Femme
165.1,160.02,Femme
160.02,160.02,Femme
177.8,158.75,Homme
172.72,158.75,Homme
161.29,158.75,Femme
158.75,158.75,Femme
158.75,158.75,Femme
158.75,158.75,Femme
158.75,158.75,Femme
177.8,156.21,Homme
172.72,152.4,Homme
170.18,152.4,Homme
165.1,152.4,Homme
152.4,152.4,Femme
165.1,152.4,Homme
172.72,149.86,Homme
170.18,149.86,Homme
168.91,149.86,Homme
167.64000000000001,149.86,Homme
166.87800000000001,149.86,Homme
166.37,149.86,Homme
165.1,149.86,Homme
165.1,149.86,Femme
162.56,149.86,Femme
160.02,149.86,Femme
157.48,149.86,Femme
154.94,149.86,Femme
152.4,149.86,Femme
147.32,149.86,Femme
144.78,149.86,Femme
168.91,170.18,Homme
167.64000000000001,170.18,Homme
167.64000000000001,170.18,Homme
165.1,170.18,Femme
160.02,170.18,Femme
160.02,167.64000000000001,Homme
160.02,167.64000000000001,Femme
160.02,167.64000000000001,Femme
152.4,167.64000000000001,Femme
170.18,167.64000000000001,Homme
167.64000000000001,167.64000000000001,Homme
165.1,167.64000000000001,Homme
165.1,167.64000000000001,Femme
154.94,167.64000000000001,Femme
175.26,165.1,Homme
172.72,165.1,Homme
172.72,165.1,Homme
165.1,165.1,Femme
165.1,165.1,Femme
157.48,165.1,Femme
157.48,165.1,Femme
154.94,165.1,Femme
149.86,165.1,Femme
179.578,166.37,Homme
166.37,166.37,Femme
175.768,165.1,Homme
175.26,165.1,Homme
172.72,165.1,Homme
171.958,165.1,Homme
163.83,165.1,Femme
153.67000000000002,165.1,Femme
170.18,162.56,Homme
170.18,162.56,Homme
162.56,162.56,Femme
162.56,162.56,Femme
158.75,162.56,Femme
153.67000000000002,162.56,Femme
177.8,160.02,Homme
160.02,160.02,Femme
167.64000000000001,160.02,Homme
167.64000000000001,160.02,Homme
160.02,160.02,Femme
180.34,160.02,Homme
180.34,160.02,Homme
175.26,160.02,Homme
161.29,160.02,Femme
172.72,152.4,Homme
172.72,152.4,Homme
170.18,152.4,Homme
170.18,152.4,Homme
157.48,152.4,Femme
181.61,162.56,Homme
172.72,162.56,Homme
166.37,162.56,Femme
162.56,162.56,Femme
157.48,162.56,Femme
157.48,162.56,Femme
154.94,162.56,Femme
179.07,162.56,Homme
172.72,162.56,Homme
170.18,162.56,Femme
165.1,162.56,Femme
162.56,162.56,Femme
162.56,162.56,Femme
152.4,162.56,Femme
163.83,160.02,Homme
167.64000000000001,152.4,Homme
152.4,152.4,Femme
173.99,161.29,Femme
161.29,161.29,Femme
162.56,167.64000000000001,Homme
157.48,167.64000000000001,Femme
154.94,167.64000000000001,Femme
168.91,160.02,Homme
144.78,160.02,Femme
