region,dept,departement,aire,alphabetisation,clerge,commerce,crimeparents,crimepersonne,crimepropriete,desertion,distance,donspauvres,donsclerge,enfantsillegitimes,infanticide,instruction,lotterie,population1831,prostitues,richesse,suicides,ville
Est,1,Ain,5762,37,11,58,71,28870,15890,55,218.372,1.9615535504119261,69,33120,60,46,41,346.03,13,73,35039,Moyenne
Nord,2,Aisne,7369,51,82,10,4,26226,5521,82,65.945,1.1234692731153804,36,14572,82,24,38,513,327,22,12831,Moyenne
Centre,3,Allier,7340,13,68,66,46,26747,7925,16,161.927,0.9113278046113188,76,17044,42,85,66,298.26,34,61,114121,Moyenne
Est,4,Basses-Alpes,6925,46,5,49,70,12935,7289,32,351.399,3.658982802780827,37,23018,12,29,80,155.9,2,76,14238,Petite
Est,5,Hautes-Alpes,5549,69,10,65,22,17488,8174,35,320.28,1.4363688595231254,64,23076,23,7,79,129.1,1,83,16171,Petite
Sud,7,Ardeche,5529,27,28,1,76,9474,10263,19,279.413,3.136762860727729,67,42117,47,62,70,340.73,1,84,52547,Petite
Nord,8,Ardennes,5229,67,50,4,53,35203,8847,62,105.694,1.5625,49,16106,85,9,31,289.62,83,33,26198,Moyenne
Sud,9,Ariege,4890,18,39,60,74,6173,9597,22,385.313,2.82326369282891,63,22916,28,77,75,253.12,3,72,123625,Petite
Est,10,Aube,6004,59,42,3,77,19602,4086,86,83.244,2.7716186252771617,9,18642,54,15,28,246.36,207,14,10989,Moyenne
Sud,11,Aude,6139,34,15,35,80,15647,10431,63,370.949,3.872966692486445,27,20225,35,48,50,270.13,1,17,66498,Moyenne
Sud,12,Aveyron,8735,31,3,70,51,8236,6731,10,296.089,3.114294612270321,23,21981,5,44,81,359.06,4,50,116671,Moyenne
Sud,13,Bouches-du-Rhone,5087,38,30,26,45,13409,5291,23,362.568,4.32152117545376,55,9325,74,43,3,359.47,25,2,8107,Grande
Nord,14,Calvados,5548,52,7,48,57,17577,4500,12,117.487,0.35932446999640677,11,8983,56,22,13,494.7,194,10,31807,Moyenne
Centre,15,Cantal,5726,31,6,7,79,18070,11645,1,245.849,2.443195699975568,66,15335,83,51,82,258.59,20,59,87338,Moyenne
Ouest,16,Charente,5956,36,79,47,2,24964,13018,61,224.339,0.7351860020585208,81,19454,7,47,60,362.53,8,86,25720,Moyenne
Ouest,17,Charente-Inferieure,6864,39,86,5,3,18712,5357,74,238.538,0.7544892108042855,72,23999,38,42,35,445.25,27,18,16798,Moyenne
Centre,18,Cher,7235,13,83,56,69,21934,10503,51,116.257,1.045915699194645,86,23574,11,83,44,256.06,26,63,19497,Moyenne
Centre,19,Correze,5857,12,46,80,86,15262,12949,2,227.899,0.6669779230307477,82,19330,16,86,84,294.83,3,74,47480,Moyenne
Est,21,Cote-d'Or,8763,60,37,12,49,32256,9159,78,136.109,3.937007874015748,18,15599,27,13,33,375.88,206,16,16128,Moyenne
Ouest,22,Cotes-du-Nord,6878,16,30,86,6,28607,7050,47,225.161,0.962741888899586,15,36098,69,80,72,598.87,16,70,75056,Moyenne
Centre,23,Creuse,5565,23,75,82,75,37014,20235,4,180.846,0.9093389106119851,75,14363,24,71,85,265.38,12,78,77823,Petite
Ouest,24,Dordogne,9060,18,77,72,64,21585,10237,44,253.776,2.1335609131640707,79,21375,18,78,77,482.75,3,60,36024,Moyenne
Est,25,Doubs,5234,73,24,57,38,11560,5914,73,202.065,2.910360884749709,6,12512,25,2,18,265.54,65,31,40690,Moyenne
Est,26,Drome,6530,42,22,41,21,13396,7759,46,295.543,3.534817956875221,62,16348,13,38,54,299.56,8,66,23816,Moyenne
Nord,27,Eure,6040,51,27,17,39,14795,4774,27,61.863,0.8538251366120219,45,16039,45,23,47,424.25,179,20,13493,Moyenne
Centre,28,Eure-et-Loir,5880,54,16,21,18,21368,4016,72,54.558,2.1963540522732266,14,14475,62,18,48,278.82,180,11,15015,Moyenne
Ouest,29,Finistere,6733,15,66,84,24,29872,6842,77,276.21,0.4176237210273544,25,28392,78,81,36,524.4,42,36,25143,Moyenne
Sud,30,Gard,5853,40,81,31,15,13115,7990,40,323.004,3.280839895013123,59,28726,39,40,20,357.38,5,26,18292,Moyenne
Sud,31,Haute-Garonne,6257,31,23,40,62,18642,7204,15,361.668,4.374453193350831,13,15378,59,33,25,427.86,8,23,56140,Grande
Sud,32,Gers,6309,38,12,30,43,18642,10486,30,343.569,3.51123595505618,32,15250,13,44,74,312.16,1,40,61510,Moyenne
Ouest,33,Gironde,10000,40,69,20,27,24096,7423,13,291.624,1.970055161544523,48,10676,80,41,4,554.23,39,8,19220,Grande
Sud,34,Herault,6101,45,67,34,47,12814,10954,43,344.03,5.952380952380952,28,21346,51,32,19,346.3,9,12,30869,Moyenne
Ouest,35,Ille-et-Vilaine,6775,25,19,77,12,22138,6524,50,179.379,1.3010668748373668,22,40736,31,66,37,547.05,77,55,45180,Moyenne
Centre,36,Indre,6791,17,84,55,82,32404,7624,29,139.587,0.8837825894829873,83,20046,19,79,69,245.29,14,54,25014,Moyenne
Centre,37,Indre-et-Loire,6127,27,58,25,48,19131,6909,49,126.468,1.3785497656465397,41,16601,3,63,15,297.02,59,27,15272,Moyenne
Est,38,Isere,7431,29,53,46,52,18785,8326,26,268.661,2.452783909737552,73,12236,27,57,23,550.26,12,65,36275,Moyenne
Est,39,Jura,4999,73,32,54,84,26221,8059,71,197.155,3.3200531208499333,43,20384,66,3,39,312.5,32,62,34476,Moyenne
Ouest,40,Landes,9243,28,63,68,1,17687,6170,28,344.676,0.8292561572269674,56,15302,43,58,73,281.5,3,81,35375,Petite
Centre,41,Loir-et-Cher,6343,27,57,23,65,21292,6017,54,90.735,1.7774617845716318,70,13364,37,61,46,235.75,54,19,14417,Moyenne
Centre,42,Loire,4781,29,34,79,78,27491,12665,6,215.598,2.901915264074289,34,29605,77,56,42,391.22,14,24,71364,Moyenne
Centre,43,Haute-Loire,4977,21,8,85,73,16170,18043,3,248.877,3.6416605972323377,65,31017,17,72,62,292.08,10,75,163241,Moyenne
Ouest,44,Loire-Inferieure,6815,24,73,76,56,19314,9392,45,199.167,1.203369434416366,29,14097,52,67,12,470.09,63,80,27289,Grande
Centre,45,Loiret,6775,42,54,24,44,17722,5042,60,61.106,2.103934357248054,16,9986,22,37,17,305.28,256,9,11813,Moyenne
Sud,46,Lot,5217,24,20,67,54,5883,9049,24,275.725,1.9252984212552946,68,20383,15,68,78,283.83,1,42,48783,Moyenne
Ouest,47,Lot-et-Garonne,5361,31,49,53,26,22969,8943,34,302.345,2.256317689530686,46,17681,32,50,52,346.89,5,7,38501,Moyenne
Sud,48,Lozere,5167,27,2,69,72,7710,5990,5,283.81,4.901960784313726,42,25157,45,60,86,140.35,0,77,11092,Petite
Ouest,49,Maine-et-Loire,7166,23,43,52,19,29692,8520,76,157.437,2.2675736961451247,20,18708,36,70,24,467.87,35,34,33358,Moyenne
Nord,50,Manche,5938,43,9,73,33,31078,7424,21,157.187,1.9308746862328634,3,14281,70,36,59,591.28,98,32,55564,Moyenne
Nord,51,Marne,6211,63,47,6,8,15602,4950,81,77.364,2.5233409033560434,39,11267,58,10,22,337.08,262,13,8334,Moyenne
Est,52,Haute-Marne,8162,72,18,7,63,26231,9539,65,129.765,2.4919013207077,4,17507,55,4,56,249.83,138,25,19586,Petite
Ouest,53,Mayenne,5175,19,40,75,59,28331,9198,58,139.999,4.746084480303749,8,18544,40,75,61,352.59,46,38,28331,Moyenne
Est,54,Meurthe,5241,68,26,11,5,26674,6831,70,159.648,2.556237218813906,1,12355,71,8,21,415.57,154,57,15652,Moyenne
Nord,55,Meuse,6216,74,33,2,17,24507,9190,59,126.378,2.3832221163012393,12,17333,65,1,58,314.59,131,52,13463,Moyenne
Ouest,56,Morbihan,6823,14,31,81,9,23316,7940,69,230.531,0.678472080873872,7,31754,29,82,32,433.52,38,48,34196,Moyenne
Nord,57,Moselle,6216,57,13,19,35,12153,4529,68,180.462,1.0509721492380453,2,13877,9,16,16,417,165,53,25572,Grande
Centre,58,Nievre,6817,20,80,33,83,25087,8236,37,119.718,0.9567546880979718,80,19747,20,74,63,282.52,39,44,29381,Moyenne
Nord,59,Nord,5743,45,74,38,14,26740,6175,64,106.335,1.6414970453053186,38,8926,81,30,7,989.94,308,28,13851,Grande
Nord,60,Oise,5860,54,60,14,31,28180,6659,57,33.768,1.8178512997636793,50,18021,86,20,43,397.73,337,15,5994,Moyenne
Nord,61,Orne,6103,45,21,62,29,28329,8248,25,97.554,1.0820168794633196,31,20852,50,33,57,441.88,117,35,34069,Moyenne
Nord,62,Pas-de-Calais,6671,49,44,39,36,23101,4040,48,104.4,1.7421602787456447,10,10575,79,26,27,655.22,163,45,15400,Moyenne
Centre,63,Puy-de-Dome,7970,19,52,78,42,17256,12141,8,205.218,1.6770082173402647,61,22948,63,76,53,573.11,62,51,78148,Moyenne
Ouest,64,Basses-Pyrenees,7645,47,38,71,34,16722,8533,7,387.935,3.0312215822976656,60,12393,72,28,34,428.4,12,79,65995,Moyenne
Sud,65,Hautes-Pyrenees,4464,53,17,51,85,12223,9797,20,386.559,1.6663889351774706,71,12125,75,21,76,233.03,5,85,148039,Moyenne
Sud,66,Pyrenees-Orientales,4116,31,4,37,67,6728,7632,18,403.445,0.8588114050154585,77,15167,84,52,11,157.05,5,71,37843,Moyenne
Est,67,Bas-Rhin,4755,62,64,16,23,12309,4920,53,217.752,0.6909894969596462,51,14356,48,12,5,540.21,101,46,18623,Grande
Est,68,Haut-Rhin,3525,71,65,29,40,7343,4915,56,217.971,1.6663889351774706,17,14783,53,5,10,424.26,26,58,21233,Moyenne
Est,69,Rhone,3249,45,35,18,37,18793,4504,14,213.032,5.042864346949067,21,3910,33,31,2,434.43,104,6,17003,Grande
Est,70,Haute-Saone,5360,59,25,27,25,22339,7770,83,176.135,0.854627809588924,57,11850,68,14,65,338.91,99,69,39714,Petite
Est,71,Saone-et-Loire,8575,32,59,61,11,28391,10708,31,168.713,2.6954177897574123,58,20442,10,49,45,523.97,40,49,22184,Moyenne
Centre,72,Sarthe,6206,30,41,45,41,33913,8294,75,108.294,2.978850163836759,19,10779,57,35,49,457.37,79,41,29280,Moyenne
Nord,75,Seine,762,71,85,9,60,13945,1368,33,0,2.378686964795433,53,2660,67,6,1,935.11,4744,1,3632,Grande
Nord,76,Seine-Inferieure,6278,43,62,22,28,18355,2906,36,75.658,1.3802622498274673,74,7506,61,35,9,693.68,546,3,9523,Grande
Nord,77,Seine-et-Marne,5915,54,56,13,16,22201,5786,67,27.647,1.8857250612860645,26,16324,73,37,29,323.89,453,4,7315,Moyenne
Nord,78,Seine-et-Oise,5334,56,45,8,10,12477,3879,42,16.888,2.495632642874969,24,16303,30,17,6,448.18,874,5,3460,Moyenne
Ouest,79,Deux-Sevres,5999,41,72,59,30,18400,6863,84,188.474,0.58976173625855155,85,25461,4,39,71,297.85,6,39,24533,Moyenne
Nord,80,Somme,6170,44,48,36,7,33592,7144,80,69.52,2.0145044319097503,33,12447,64,34,30,543.7,302,21,12836,Moyenne
Sud,81,Tarn,5758,20,14,44,13,13019,6241,17,328.146,2.899391127863149,47,29305,9,73,67,333.84,3,47,68980,Moyenne
Sud,82,Tarn-et-Garonne,3718,25,29,50,66,14790,8680,39,313.09,2.1939447125932428,52,23771,41,64,64,242.51,4,29,48317,Moyenne
Sud,83,Var,5973,23,61,39,55,13145,9572,52,389.512,4.083299305839118,40,14800,49,69,26,317.5,6,43,13380,Moyenne
Sud,84,Vaucluse,3567,37,78,28,61,13576,5731,41,337.215,8.025682182985554,54,17239,76,45,8,239.11,2,64,19024,Moyenne
Ouest,85,Vendee,6720,28,70,64,50,20827,7566,79,212.459,0.7125044531528322,30,62486,44,59,68,330.36,4,56,67963,Petite
Ouest,86,Vienne,6990,25,71,43,20,15010,4710,38,170.523,1.1208249271463797,44,35224,1,65,40,282.73,18,68,21851,Moyenne
Centre,87,Haute-Vienne,5520,13,76,63,68,16256,6402,11,198.874,0.7237461098646595,78,19940,6,84,55,285.13,7,67,33497,Moyenne
Est,88,Vosges,5874,62,51,42,58,18835,9044,85,174.477,2.4752475247524752,5,14978,34,11,14,397.99,43,82,33029,Moyenne
Centre,89,Yonne,7427,47,55,15,32,18006,6516,66,81.797,2.3386342376052385,35,16616,22,27,51,352.49,272,30,12789,Moyenne
