Y,X,M
-1.9289906418598868,0.018746170941826425,-0.40063754703174176
-0.19348111459057715,-0.18425254206906366,-0.33455656507335235
-1.1332962139368128,-1.3713305499225115,1.3679539531919647
4.103286924319663,-0.5991677157837181,2.1377671036501225
0.430857432819312,0.29454512656750803,0.5058192645290251
2.9604969557414087,0.38979430070016746,0.786342384239158
-1.4760496575642958,-1.2080761754294864,-0.9022119441786378
-1.8818592467484672,-0.3636760174708623,0.532896992328326
-0.8508799545158687,-1.6266726817030899,-0.6458942535492069
1.9801110018860972,-0.25647839412399165,0.2909874884297656
-3.975419449272045,1.101779503087131,-1.23759446887722
1.3643465023386634,0.7557815080273372,-0.4561762751178092
-2.4961752968766646,-0.23823355601871848,-0.8303226547247333
1.3619583719119595,0.9874447034133902,0.34011564367426256
4.655883106450724,0.7413901283838236,1.0663763956821681
2.6916447883077748,0.0893472664958216,1.2161258380798001
1.7250512300138554,-0.9549438561523774,0.7356906576330521
0.0022157141960323923,-0.19515038466723886,-0.48120861731558046
4.194744196823224,0.9255212620940801,0.5627447628581165
-0.88425527721904,0.4829785248366109,-1.2463197118892
-0.670088605954637,-0.5963106367202067,0.38092221262567716
-3.1788717525603554,-2.1852868381695303,-1.4304272527966944
-2.465586483908481,-0.6748659378751162,-1.048445504878599
-4.117927546364999,-2.119061191910174,-0.2185035505345907
-2.3670164502668247,-1.2651980215309035,-1.489936236735535
0.3804466553844379,-0.3736615551547023,1.172706281214309
-2.7653409096109067,-0.6875554303879178,-1.4798270215716605
-3.1391853822909557,-0.8721588267176896,-0.43038781607722393
-2.6975037579057224,-0.10176100622481639,-1.0516386420434463
0.7876984931779105,-0.2537805301024623,1.5225863440540968
0.9262601531094814,-1.8537404544791403,0.5928280545860797
0.4355625467075743,-0.07794606607536554,-0.22266150901926776
-0.2556258332997512,0.9685663405245405,0.7128942762484575
0.6616384163828244,0.18492595999031455,0.7166008337410541
-1.4932975353714912,-1.3799435783375846,0.4402418643841378
-2.706458729988188,-1.435514362360369,0.15883062131810402
2.5440591587943238,0.36208722860660575,0.6597641383319461
1.8176354596937547,-1.7590867537597075,2.2205196629355592
-1.4993649191384575,-0.3245440095723349,-1.1839450740654005
0.6567984394329922,-0.6515629885446566,-0.07395583449749042
-2.485351596601221,1.0865513994405065,-0.41635467488651917
-2.8802807158519315,-0.7625448800312944,-0.19148234375262702
-3.66326628344566,-0.8286625350010918,0.06954478140740226
5.8333530140089085,0.8344739030884535,1.155348318010519
0.49311538555994194,-0.96765198675991,0.5949573469504861
-1.248832776106327,-0.028815335475864564,-1.4196451083569883
-2.371650971412855,0.2325251525753908,-1.6066772453580405
1.5031397700041902,-0.30120868150417784,0.892925899563175
1.575194642310524,-0.6776145831493335,0.1481679551877253
3.6421280249945083,0.6552276362352184,1.2270283901013856
