Date,Série,Valeur
2015-04-07,1,0
2015-04-08,1,-1
2015-04-09,1,-2
2015-04-10,1,-3
2015-04-11,1,-4
2015-04-12,1,-3
2015-04-13,1,-4
2015-04-14,1,-5
2015-04-15,1,-4
2015-04-16,1,-3
2015-04-17,1,-2
2015-04-18,1,-3
2015-04-19,1,-4
2015-04-20,1,-3
2015-04-21,1,-2
2015-04-22,1,-3
2015-04-23,1,-2
2015-04-24,1,-3
2015-04-25,1,-4
2015-04-26,1,-5
2015-04-27,1,-6
2015-04-28,1,-7
2015-04-29,1,-6
2015-04-30,1,-5
2015-05-01,1,-4
2015-05-02,1,-5
2015-05-03,1,-6
2015-05-04,1,-5
2015-05-05,1,-4
2015-05-06,1,-5
2015-05-07,1,-4
2015-05-08,1,-5
2015-05-09,1,-4
2015-05-10,1,-3
2015-05-11,1,-4
2015-05-12,1,-3
2015-05-13,1,-4
2015-05-14,1,-3
2015-05-15,1,-4
2015-05-16,1,-5
2015-05-17,1,-6
2015-05-18,1,-7
2015-05-19,1,-6
2015-05-20,1,-7
2015-05-21,1,-8
2015-05-22,1,-7
2015-05-23,1,-6
2015-05-24,1,-7
2015-05-25,1,-8
2015-05-26,1,-9
2015-05-27,1,-8
2015-05-28,1,-9
2015-05-29,1,-10
2015-05-30,1,-9
2015-05-31,1,-8
2015-06-01,1,-9
2015-06-02,1,-10
2015-06-03,1,-11
2015-06-04,1,-12
2015-06-05,1,-13
2015-06-06,1,-14
2015-06-07,1,-15
2015-06-08,1,-16
2015-06-09,1,-17
2015-06-10,1,-16
2015-06-11,1,-15
2015-06-12,1,-16
2015-06-13,1,-17
2015-06-14,1,-16
2015-06-15,1,-15
2015-06-16,1,-14
2015-06-17,1,-15
2015-06-18,1,-16
2015-06-19,1,-15
2015-06-20,1,-14
2015-06-21,1,-15
2015-06-22,1,-14
2015-06-23,1,-15
2015-06-24,1,-14
2015-06-25,1,-13
2015-06-26,1,-14
2015-06-27,1,-13
2015-06-28,1,-12
2015-06-29,1,-13
2015-06-30,1,-14
2015-07-01,1,-15
2015-07-02,1,-14
2015-07-03,1,-13
2015-07-04,1,-14
2015-07-05,1,-13
2015-07-06,1,-12
2015-07-07,1,-11
2015-07-08,1,-12
2015-07-09,1,-13
2015-07-10,1,-12
2015-07-11,1,-13
2015-07-12,1,-12
2015-07-13,1,-11
2015-07-14,1,-10
2015-07-15,1,-11
2015-07-16,1,-12
2015-07-17,1,-13
2015-07-18,1,-14
2015-07-19,1,-15
2015-07-20,1,-14
2015-07-21,1,-13
2015-07-22,1,-12
2015-07-23,1,-13
2015-07-24,1,-14
2015-07-25,1,-15
2015-07-26,1,-14
2015-07-27,1,-13
2015-07-28,1,-12
2015-07-29,1,-13
2015-07-30,1,-12
2015-07-31,1,-11
2015-08-01,1,-12
2015-08-02,1,-13
2015-08-03,1,-14
2015-08-04,1,-15
2015-08-05,1,-16
2015-08-06,1,-17
2015-08-07,1,-16
2015-08-08,1,-15
2015-08-09,1,-16
2015-08-10,1,-15
2015-08-11,1,-14
2015-08-12,1,-13
2015-08-13,1,-14
2015-08-14,1,-13
2015-08-15,1,-14
2015-08-16,1,-15
2015-08-17,1,-16
2015-08-18,1,-17
2015-08-19,1,-18
2015-08-20,1,-17
2015-08-21,1,-18
2015-08-22,1,-17
2015-08-23,1,-18
2015-08-24,1,-19
2015-08-25,1,-18
2015-08-26,1,-19
2015-08-27,1,-18
2015-08-28,1,-17
2015-08-29,1,-18
2015-08-30,1,-19
2015-08-31,1,-20
2015-09-01,1,-21
2015-09-02,1,-22
2015-09-03,1,-23
2015-09-04,1,-24
2015-09-05,1,-23
2015-09-06,1,-24
2015-09-07,1,-23
2015-09-08,1,-24
2015-09-09,1,-23
2015-09-10,1,-22
2015-09-11,1,-23
2015-09-12,1,-24
2015-09-13,1,-23
2015-09-14,1,-24
2015-09-15,1,-23
2015-09-16,1,-22
2015-09-17,1,-23
2015-09-18,1,-24
2015-09-19,1,-23
2015-09-20,1,-22
2015-09-21,1,-21
2015-09-22,1,-22
2015-09-23,1,-21
2015-09-24,1,-20
2015-09-25,1,-21
2015-09-26,1,-20
2015-09-27,1,-19
2015-09-28,1,-18
2015-09-29,1,-17
2015-09-30,1,-18
2015-10-01,1,-17
2015-10-02,1,-18
2015-10-03,1,-17
2015-10-04,1,-16
2015-10-05,1,-15
2015-10-06,1,-14
2015-10-07,1,-13
2015-10-08,1,-12
2015-10-09,1,-13
2015-10-10,1,-14
2015-10-11,1,-15
2015-10-12,1,-16
2015-10-13,1,-15
2015-10-14,1,-14
2015-10-15,1,-13
2015-10-16,1,-12
2015-10-17,1,-11
2015-10-18,1,-10
2015-10-19,1,-9
2015-10-20,1,-10
2015-10-21,1,-11
2015-10-22,1,-12
2015-10-23,1,-11
2015-10-24,1,-12
2015-10-25,1,-11
2015-10-26,1,-12
2015-10-27,1,-11
2015-10-28,1,-10
2015-10-29,1,-11
2015-10-30,1,-12
2015-10-31,1,-13
2015-11-01,1,-14
2015-11-02,1,-15
2015-11-03,1,-16
2015-11-04,1,-17
2015-11-05,1,-18
2015-11-06,1,-19
2015-11-07,1,-20
2015-11-08,1,-19
2015-11-09,1,-20
2015-11-10,1,-19
2015-11-11,1,-20
2015-11-12,1,-19
2015-11-13,1,-20
2015-11-14,1,-21
2015-11-15,1,-22
2015-11-16,1,-23
2015-11-17,1,-22
2015-11-18,1,-23
2015-11-19,1,-22
2015-11-20,1,-23
2015-11-21,1,-22
2015-11-22,1,-21
2015-11-23,1,-20
2015-11-24,1,-19
2015-11-25,1,-20
2015-11-26,1,-19
2015-11-27,1,-20
2015-11-28,1,-19
2015-11-29,1,-18
2015-11-30,1,-19
2015-12-01,1,-18
2015-12-02,1,-17
2015-12-03,1,-16
2015-12-04,1,-17
2015-12-05,1,-16
2015-12-06,1,-17
2015-12-07,1,-18
2015-12-08,1,-17
2015-12-09,1,-18
2015-12-10,1,-17
2015-12-11,1,-18
2015-12-12,1,-17
2015-12-13,1,-16
2015-12-14,1,-17
2015-12-15,1,-16
2015-12-16,1,-17
2015-12-17,1,-18
2015-12-18,1,-19
2015-12-19,1,-18
2015-12-20,1,-19
2015-12-21,1,-18
2015-12-22,1,-17
2015-12-23,1,-18
2015-12-24,1,-19
2015-12-25,1,-18
2015-12-26,1,-17
2015-12-27,1,-18
2015-12-28,1,-19
2015-12-29,1,-18
2015-12-30,1,-17
2015-12-31,1,-16
2016-01-01,1,-17
2016-01-02,1,-16
2016-01-03,1,-15
2016-01-04,1,-16
2016-01-05,1,-15
2016-01-06,1,-16
2016-01-07,1,-15
2016-01-08,1,-14
2016-01-09,1,-15
2016-01-10,1,-14
2016-01-11,1,-15
2016-01-12,1,-16
2016-01-13,1,-17
2016-01-14,1,-18
2016-01-15,1,-19
2016-01-16,1,-20
2016-01-17,1,-19
2016-01-18,1,-18
2016-01-19,1,-17
2016-01-20,1,-18
2016-01-21,1,-17
2016-01-22,1,-16
2016-01-23,1,-15
2016-01-24,1,-16
2016-01-25,1,-17
2016-01-26,1,-18
2016-01-27,1,-19
2016-01-28,1,-18
2016-01-29,1,-17
2016-01-30,1,-18
2016-01-31,1,-17
2016-02-01,1,-16
2016-02-02,1,-15
2016-02-03,1,-16
2016-02-04,1,-17
2016-02-05,1,-18
2016-02-06,1,-17
2016-02-07,1,-18
2016-02-08,1,-17
2016-02-09,1,-16
2016-02-10,1,-17
2016-02-11,1,-18
2016-02-12,1,-17
2016-02-13,1,-16
2016-02-14,1,-17
2016-02-15,1,-18
2016-02-16,1,-17
2016-02-17,1,-16
2016-02-18,1,-15
2016-02-19,1,-14
2016-02-20,1,-13
2016-02-21,1,-14
2016-02-22,1,-13
2016-02-23,1,-12
2016-02-24,1,-11
2016-02-25,1,-10
2016-02-26,1,-11
2016-02-27,1,-12
2016-02-28,1,-13
2016-02-29,1,-14
2016-03-01,1,-15
2016-03-02,1,-14
2016-03-03,1,-13
2016-03-04,1,-14
2016-03-05,1,-15
2016-03-06,1,-14
2016-03-07,1,-15
2016-03-08,1,-16
2016-03-09,1,-17
2016-03-10,1,-18
2016-03-11,1,-17
2016-03-12,1,-18
2016-03-13,1,-19
2016-03-14,1,-18
2016-03-15,1,-19
2016-03-16,1,-18
2016-03-17,1,-19
2016-03-18,1,-18
2016-03-19,1,-17
2016-03-20,1,-18
2016-03-21,1,-17
2016-03-22,1,-18
2016-03-23,1,-17
2016-03-24,1,-16
2016-03-25,1,-17
2016-03-26,1,-18
2016-03-27,1,-17
2016-03-28,1,-18
2016-03-29,1,-17
2016-03-30,1,-16
2016-03-31,1,-17
2016-04-01,1,-16
2016-04-02,1,-15
2016-04-03,1,-16
2016-04-04,1,-15
2016-04-05,1,-14
2016-04-06,1,-13
2016-04-07,1,-14
2016-04-08,1,-15
2016-04-09,1,-14
2016-04-10,1,-15
2016-04-11,1,-14
2016-04-12,1,-13
2016-04-13,1,-14
2016-04-14,1,-15
2016-04-15,1,-14
2016-04-16,1,-13
2016-04-17,1,-12
2016-04-18,1,-13
2016-04-19,1,-12
2016-04-20,1,-13
2016-04-21,1,-12
2016-04-22,1,-11
2016-04-23,1,-12
2016-04-24,1,-11
2016-04-25,1,-10
2016-04-26,1,-11
2016-04-27,1,-12
2016-04-28,1,-13
2016-04-29,1,-12
2016-04-30,1,-11
2016-05-01,1,-10
2016-05-02,1,-9
2016-05-03,1,-10
2016-05-04,1,-9
2016-05-05,1,-10
2016-05-06,1,-9
2016-05-07,1,-8
2016-05-08,1,-9
2016-05-09,1,-8
2016-05-10,1,-7
2016-05-11,1,-6
2016-05-12,1,-5
2016-05-13,1,-4
2016-05-14,1,-3
2016-05-15,1,-2
2016-05-16,1,-1
2016-05-17,1,0
2016-05-18,1,1
2016-05-19,1,0
2016-05-20,1,-1
2016-05-21,1,-2
2016-05-22,1,-1
2016-05-23,1,-2
2016-05-24,1,-1
2016-05-25,1,-2
2016-05-26,1,-3
2016-05-27,1,-2
2016-05-28,1,-1
2016-05-29,1,0
2016-05-30,1,-1
2016-05-31,1,0
2016-06-01,1,-1
2016-06-02,1,0
2016-06-03,1,-1
2016-06-04,1,-2
2016-06-05,1,-3
2016-06-06,1,-4
2016-06-07,1,-3
2016-06-08,1,-4
2016-06-09,1,-5
2016-06-10,1,-6
2016-06-11,1,-5
2016-06-12,1,-6
2016-06-13,1,-7
2016-06-14,1,-6
2016-06-15,1,-5
2016-06-16,1,-6
2016-06-17,1,-5
2016-06-18,1,-4
2016-06-19,1,-5
2016-06-20,1,-6
2016-06-21,1,-5
2016-06-22,1,-6
2016-06-23,1,-5
2016-06-24,1,-6
2016-06-25,1,-7
2016-06-26,1,-8
2016-06-27,1,-9
2016-06-28,1,-10
2016-06-29,1,-9
2016-06-30,1,-10
2016-07-01,1,-11
2016-07-02,1,-12
2016-07-03,1,-13
2016-07-04,1,-14
2016-07-05,1,-13
2016-07-06,1,-12
2016-07-07,1,-11
2016-07-08,1,-12
2016-07-09,1,-11
2016-07-10,1,-10
2016-07-11,1,-9
2016-07-12,1,-8
2016-07-13,1,-9
2016-07-14,1,-8
2016-07-15,1,-9
2016-07-16,1,-10
2016-07-17,1,-9
2016-07-18,1,-10
2016-07-19,1,-11
2016-07-20,1,-12
2016-07-21,1,-11
2016-07-22,1,-10
2016-07-23,1,-11
2016-07-24,1,-10
2016-07-25,1,-11
2016-07-26,1,-12
2016-07-27,1,-11
2016-07-28,1,-12
2016-07-29,1,-11
2016-07-30,1,-10
2016-07-31,1,-9
2016-08-01,1,-10
2016-08-02,1,-11
2016-08-03,1,-10
2016-08-04,1,-11
2016-08-05,1,-10
2016-08-06,1,-9
2016-08-07,1,-10
2016-08-08,1,-9
2016-08-09,1,-10
2016-08-10,1,-11
2016-08-11,1,-10
2016-08-12,1,-9
2016-08-13,1,-10
2016-08-14,1,-9
2016-08-15,1,-8
2016-08-16,1,-7
2016-08-17,1,-6
2016-08-18,1,-5
2016-08-19,1,-4
2016-08-20,1,-3
2016-08-21,1,-2
2016-08-22,1,-1
2016-08-23,1,-2
2016-08-24,1,-1
2016-08-25,1,0
2016-08-26,1,1
2016-08-27,1,0
2016-08-28,1,1
2016-08-29,1,2
2016-08-30,1,1
2016-08-31,1,0
2016-09-01,1,1
2016-09-02,1,2
2016-09-03,1,3
2016-09-04,1,2
2016-09-05,1,1
2016-09-06,1,0
2016-09-07,1,-1
2016-09-08,1,-2
2016-09-09,1,-3
2016-09-10,1,-2
2016-09-11,1,-1
2016-09-12,1,-2
2016-09-13,1,-1
2016-09-14,1,0
2016-09-15,1,-1
2016-09-16,1,0
2016-09-17,1,-1
2016-09-18,1,0
2016-09-19,1,1
2016-09-20,1,2
2016-09-21,1,3
2016-09-22,1,2
2016-09-23,1,1
2016-09-24,1,2
2016-09-25,1,1
2016-09-26,1,2
2016-09-27,1,3
2016-09-28,1,4
2016-09-29,1,3
2016-09-30,1,4
2016-10-01,1,5
2016-10-02,1,6
2016-10-03,1,5
2016-10-04,1,6
2016-10-05,1,7
2016-10-06,1,6
2016-10-07,1,5
2016-10-08,1,4
2016-10-09,1,5
2016-10-10,1,6
2016-10-11,1,5
2016-10-12,1,6
2016-10-13,1,5
2016-10-14,1,6
2016-10-15,1,7
2016-10-16,1,8
2016-10-17,1,7
2016-10-18,1,8
2016-10-19,1,9
2016-10-20,1,10
2016-10-21,1,11
2016-10-22,1,10
2016-10-23,1,11
2016-10-24,1,10
2016-10-25,1,11
2016-10-26,1,12
2016-10-27,1,13
2016-10-28,1,12
2016-10-29,1,11
2016-10-30,1,12
2016-10-31,1,11
2016-11-01,1,10
2016-11-02,1,11
2016-11-03,1,12
2016-11-04,1,13
2016-11-05,1,12
2016-11-06,1,13
2016-11-07,1,14
2016-11-08,1,15
2016-11-09,1,14
2016-11-10,1,13
2016-11-11,1,12
2016-11-12,1,11
2016-11-13,1,12
2016-11-14,1,11
2016-11-15,1,12
2016-11-16,1,11
2016-11-17,1,12
2016-11-18,1,13
2016-11-19,1,12
2016-11-20,1,11
2016-11-21,1,10
2016-11-22,1,11
2016-11-23,1,10
2016-11-24,1,11
2016-11-25,1,12
2016-11-26,1,13
2016-11-27,1,12
2016-11-28,1,11
2016-11-29,1,10
2016-11-30,1,9
2016-12-01,1,10
2016-12-02,1,11
2016-12-03,1,10
2016-12-04,1,9
2016-12-05,1,10
2016-12-06,1,11
2016-12-07,1,10
2016-12-08,1,9
2016-12-09,1,8
2016-12-10,1,7
2016-12-11,1,6
2016-12-12,1,7
2016-12-13,1,8
2016-12-14,1,9
2016-12-15,1,8
2016-12-16,1,7
2016-12-17,1,8
2016-12-18,1,9
2016-12-19,1,8
2016-12-20,1,9
2016-12-21,1,8
2016-12-22,1,9
2016-12-23,1,10
2016-12-24,1,9
2016-12-25,1,10
2016-12-26,1,9
2016-12-27,1,10
2016-12-28,1,9
2016-12-29,1,8
2016-12-30,1,9
2016-12-31,1,10
2017-01-01,1,11
2017-01-02,1,12
2017-01-03,1,13
2017-01-04,1,12
2017-01-05,1,13
2017-01-06,1,12
2017-01-07,1,13
2017-01-08,1,12
2017-01-09,1,13
2017-01-10,1,14
2017-01-11,1,15
2017-01-12,1,14
2017-01-13,1,13
2017-01-14,1,12
2017-01-15,1,11
2017-01-16,1,12
2017-01-17,1,11
2017-01-18,1,10
2017-01-19,1,9
2017-01-20,1,10
2017-01-21,1,9
2017-01-22,1,8
2017-01-23,1,7
2017-01-24,1,8
2017-01-25,1,9
2017-01-26,1,10
2017-01-27,1,9
2017-01-28,1,8
2017-01-29,1,7
2017-01-30,1,8
2017-01-31,1,9
2017-02-01,1,10
2017-02-02,1,9
2017-02-03,1,10
2017-02-04,1,11
2017-02-05,1,12
2017-02-06,1,11
2017-02-07,1,10
2017-02-08,1,9
2017-02-09,1,10
2017-02-10,1,11
2017-02-11,1,12
2017-02-12,1,11
2017-02-13,1,10
2017-02-14,1,9
2017-02-15,1,10
2017-02-16,1,11
2017-02-17,1,12
2017-02-18,1,11
2017-02-19,1,10
2017-02-20,1,9
2017-02-21,1,10
2017-02-22,1,9
2017-02-23,1,10
2017-02-24,1,9
2017-02-25,1,10
2017-02-26,1,11
2017-02-27,1,12
2017-02-28,1,11
2017-03-01,1,10
2017-03-02,1,9
2017-03-03,1,8
2017-03-04,1,9
2017-03-05,1,8
2017-03-06,1,7
2017-03-07,1,6
2017-03-08,1,7
2017-03-09,1,6
2017-03-10,1,7
2017-03-11,1,8
2017-03-12,1,9
2017-03-13,1,8
2017-03-14,1,9
2017-03-15,1,8
2017-03-16,1,9
2017-03-17,1,10
2017-03-18,1,11
2017-03-19,1,12
2017-03-20,1,13
2017-03-21,1,12
2017-03-22,1,13
2017-03-23,1,12
2017-03-24,1,13
2017-03-25,1,12
2017-03-26,1,13
2017-03-27,1,14
2017-03-28,1,15
2017-03-29,1,14
2017-03-30,1,13
2017-03-31,1,12
2017-04-01,1,11
2017-04-02,1,12
2017-04-03,1,13
2017-04-04,1,12
2017-04-05,1,13
2017-04-06,1,12
2017-04-07,1,11
2017-04-08,1,10
2017-04-09,1,11
2017-04-10,1,10
2017-04-11,1,11
2017-04-12,1,12
2017-04-13,1,11
2017-04-14,1,12
2017-04-15,1,11
2017-04-16,1,12
2017-04-17,1,11
2017-04-18,1,12
2017-04-19,1,11
2017-04-20,1,12
2017-04-21,1,11
2017-04-22,1,12
2017-04-23,1,11
2017-04-24,1,10
2017-04-25,1,11
2017-04-26,1,12
2017-04-27,1,13
2017-04-28,1,12
2017-04-29,1,13
2017-04-30,1,14
2017-05-01,1,13
2017-05-02,1,12
2017-05-03,1,13
2017-05-04,1,12
2017-05-05,1,11
2017-05-06,1,12
2017-05-07,1,13
2017-05-08,1,14
2017-05-09,1,15
2017-05-10,1,14
2017-05-11,1,15
2017-05-12,1,16
2017-05-13,1,15
2017-05-14,1,16
2017-05-15,1,17
2017-05-16,1,18
2017-05-17,1,19
2017-05-18,1,20
2017-05-19,1,21
2017-05-20,1,20
2017-05-21,1,21
2017-05-22,1,22
2017-05-23,1,23
2017-05-24,1,22
2017-05-25,1,23
2017-05-26,1,22
2017-05-27,1,21
2017-05-28,1,20
2017-05-29,1,21
2017-05-30,1,20
2017-05-31,1,21
2017-06-01,1,22
2017-06-02,1,23
2017-06-03,1,24
2017-06-04,1,25
2017-06-05,1,26
2017-06-06,1,27
2017-06-07,1,28
2017-06-08,1,29
2017-06-09,1,28
2017-06-10,1,29
2017-06-11,1,30
2017-06-12,1,31
2017-06-13,1,30
2017-06-14,1,31
2017-06-15,1,32
2017-06-16,1,33
2017-06-17,1,32
2017-06-18,1,31
2017-06-19,1,30
2017-06-20,1,31
2017-06-21,1,32
2017-06-22,1,31
2017-06-23,1,32
2017-06-24,1,31
2017-06-25,1,32
2017-06-26,1,33
2017-06-27,1,34
2017-06-28,1,33
2017-06-29,1,34
2017-06-30,1,35
2017-07-01,1,34
2017-07-02,1,33
2017-07-03,1,32
2017-07-04,1,33
2017-07-05,1,34
2017-07-06,1,35
2017-07-07,1,34
2017-07-08,1,33
2017-07-09,1,34
2017-07-10,1,33
2017-07-11,1,34
2017-07-12,1,33
2017-07-13,1,34
2017-07-14,1,33
2017-07-15,1,34
2017-07-16,1,35
2017-07-17,1,36
2017-07-18,1,37
2017-07-19,1,38
2017-07-20,1,37
2017-07-21,1,38
2017-07-22,1,37
2017-07-23,1,38
2017-07-24,1,37
2017-07-25,1,38
2017-07-26,1,39
2017-07-27,1,40
2017-07-28,1,39
2017-07-29,1,40
2017-07-30,1,41
2017-07-31,1,42
2017-08-01,1,41
2017-08-02,1,42
2017-08-03,1,43
2017-08-04,1,42
2017-08-05,1,41
2017-08-06,1,40
2017-08-07,1,41
2017-08-08,1,42
2017-08-09,1,43
2017-08-10,1,44
2017-08-11,1,43
2017-08-12,1,42
2017-08-13,1,41
2017-08-14,1,40
2017-08-15,1,39
2017-08-16,1,38
2017-08-17,1,37
2017-08-18,1,38
2017-08-19,1,37
2017-08-20,1,38
2017-08-21,1,39
2017-08-22,1,38
2017-08-23,1,37
2017-08-24,1,36
2017-08-25,1,37
2017-08-26,1,38
2017-08-27,1,37
2017-08-28,1,36
2017-08-29,1,35
2017-08-30,1,36
2017-08-31,1,37
2017-09-01,1,38
2017-09-02,1,37
2017-09-03,1,38
2017-09-04,1,37
2017-09-05,1,38
2017-09-06,1,39
2017-09-07,1,40
2017-09-08,1,39
2017-09-09,1,40
2017-09-10,1,39
2017-09-11,1,40
2017-09-12,1,39
2017-09-13,1,38
2017-09-14,1,37
2017-09-15,1,38
2017-09-16,1,37
2017-09-17,1,38
2017-09-18,1,39
2017-09-19,1,38
2017-09-20,1,37
2017-09-21,1,38
2017-09-22,1,37
2017-09-23,1,38
2017-09-24,1,37
2017-09-25,1,38
2017-09-26,1,37
2017-09-27,1,38
2017-09-28,1,37
2017-09-29,1,38
2017-09-30,1,39
2017-10-01,1,40
2017-10-02,1,41
2017-10-03,1,42
2017-10-04,1,43
2017-10-05,1,44
2017-10-06,1,45
2017-10-07,1,46
2017-10-08,1,45
2017-10-09,1,46
2017-10-10,1,47
2017-10-11,1,46
2017-10-12,1,47
2017-10-13,1,48
2017-10-14,1,47
2017-10-15,1,46
2017-10-16,1,45
2017-10-17,1,46
2017-10-18,1,47
2017-10-19,1,46
2017-10-20,1,45
2017-10-21,1,44
2017-10-22,1,43
2017-10-23,1,42
2017-10-24,1,43
2017-10-25,1,42
2017-10-26,1,41
2017-10-27,1,42
2017-10-28,1,41
2017-10-29,1,42
2017-10-30,1,43
2017-10-31,1,44
2017-11-01,1,45
2017-11-02,1,46
2017-11-03,1,47
2017-11-04,1,46
2017-11-05,1,47
2017-11-06,1,46
2017-11-07,1,47
2017-11-08,1,46
2017-11-09,1,47
2017-11-10,1,46
2017-11-11,1,45
2017-11-12,1,44
2017-11-13,1,43
2017-11-14,1,42
2017-11-15,1,41
2017-11-16,1,40
2017-11-17,1,41
2017-11-18,1,42
2017-11-19,1,43
2017-11-20,1,42
2017-11-21,1,41
2017-11-22,1,40
2017-11-23,1,39
2017-11-24,1,40
2017-11-25,1,39
2017-11-26,1,38
2017-11-27,1,39
2017-11-28,1,40
2017-11-29,1,39
2017-11-30,1,38
2017-12-01,1,39
2017-12-02,1,38
2017-12-03,1,37
2017-12-04,1,36
2017-12-05,1,35
2017-12-06,1,34
2017-12-07,1,35
2017-12-08,1,36
2017-12-09,1,37
2017-12-10,1,38
2017-12-11,1,39
2017-12-12,1,40
2017-12-13,1,39
2017-12-14,1,40
2017-12-15,1,39
2017-12-16,1,40
2017-12-17,1,39
2017-12-18,1,38
2017-12-19,1,39
2017-12-20,1,38
2017-12-21,1,37
2017-12-22,1,36
2017-12-23,1,37
2017-12-24,1,36
2017-12-25,1,37
2017-12-26,1,36
2017-12-27,1,37
2017-12-28,1,36
2017-12-29,1,37
2017-12-30,1,36
2017-12-31,1,37
2015-04-07,2,0
2015-04-08,2,1
2015-04-09,2,0
2015-04-10,2,1
2015-04-11,2,0
2015-04-12,2,1
2015-04-13,2,2
2015-04-14,2,1
2015-04-15,2,0
2015-04-16,2,1
2015-04-17,2,0
2015-04-18,2,-1
2015-04-19,2,-2
2015-04-20,2,-1
2015-04-21,2,-2
2015-04-22,2,-1
2015-04-23,2,0
2015-04-24,2,1
2015-04-25,2,2
2015-04-26,2,3
2015-04-27,2,2
2015-04-28,2,3
2015-04-29,2,4
2015-04-30,2,3
2015-05-01,2,2
2015-05-02,2,3
2015-05-03,2,4
2015-05-04,2,3
2015-05-05,2,2
2015-05-06,2,3
2015-05-07,2,2
2015-05-08,2,1
2015-05-09,2,0
2015-05-10,2,1
2015-05-11,2,2
2015-05-12,2,1
2015-05-13,2,0
2015-05-14,2,-1
2015-05-15,2,0
2015-05-16,2,1
2015-05-17,2,0
2015-05-18,2,-1
2015-05-19,2,-2
2015-05-20,2,-3
2015-05-21,2,-2
2015-05-22,2,-1
2015-05-23,2,-2
2015-05-24,2,-3
2015-05-25,2,-2
2015-05-26,2,-3
2015-05-27,2,-4
2015-05-28,2,-3
2015-05-29,2,-4
2015-05-30,2,-5
2015-05-31,2,-4
2015-06-01,2,-5
2015-06-02,2,-6
2015-06-03,2,-5
2015-06-04,2,-4
2015-06-05,2,-5
2015-06-06,2,-6
2015-06-07,2,-5
2015-06-08,2,-4
2015-06-09,2,-3
2015-06-10,2,-2
2015-06-11,2,-3
2015-06-12,2,-4
2015-06-13,2,-5
2015-06-14,2,-4
2015-06-15,2,-5
2015-06-16,2,-6
2015-06-17,2,-7
2015-06-18,2,-6
2015-06-19,2,-5
2015-06-20,2,-4
2015-06-21,2,-3
2015-06-22,2,-4
2015-06-23,2,-5
2015-06-24,2,-4
2015-06-25,2,-5
2015-06-26,2,-6
2015-06-27,2,-5
2015-06-28,2,-4
2015-06-29,2,-5
2015-06-30,2,-4
2015-07-01,2,-3
2015-07-02,2,-2
2015-07-03,2,-1
2015-07-04,2,-2
2015-07-05,2,-1
2015-07-06,2,-2
2015-07-07,2,-1
2015-07-08,2,0
2015-07-09,2,1
2015-07-10,2,2
2015-07-11,2,1
2015-07-12,2,2
2015-07-13,2,1
2015-07-14,2,0
2015-07-15,2,-1
2015-07-16,2,-2
2015-07-17,2,-3
2015-07-18,2,-4
2015-07-19,2,-3
2015-07-20,2,-4
2015-07-21,2,-3
2015-07-22,2,-4
2015-07-23,2,-3
2015-07-24,2,-4
2015-07-25,2,-5
2015-07-26,2,-4
2015-07-27,2,-3
2015-07-28,2,-2
2015-07-29,2,-1
2015-07-30,2,0
2015-07-31,2,-1
2015-08-01,2,-2
2015-08-02,2,-1
2015-08-03,2,0
2015-08-04,2,-1
2015-08-05,2,0
2015-08-06,2,-1
2015-08-07,2,-2
2015-08-08,2,-1
2015-08-09,2,-2
2015-08-10,2,-1
2015-08-11,2,0
2015-08-12,2,-1
2015-08-13,2,-2
2015-08-14,2,-3
2015-08-15,2,-4
2015-08-16,2,-3
2015-08-17,2,-2
2015-08-18,2,-1
2015-08-19,2,0
2015-08-20,2,1
2015-08-21,2,2
2015-08-22,2,1
2015-08-23,2,0
2015-08-24,2,-1
2015-08-25,2,0
2015-08-26,2,-1
2015-08-27,2,0
2015-08-28,2,1
2015-08-29,2,0
2015-08-30,2,-1
2015-08-31,2,0
2015-09-01,2,-1
2015-09-02,2,0
2015-09-03,2,1
2015-09-04,2,2
2015-09-05,2,3
2015-09-06,2,2
2015-09-07,2,3
2015-09-08,2,2
2015-09-09,2,1
2015-09-10,2,2
2015-09-11,2,3
2015-09-12,2,4
2015-09-13,2,3
2015-09-14,2,2
2015-09-15,2,1
2015-09-16,2,0
2015-09-17,2,-1
2015-09-18,2,-2
2015-09-19,2,-3
2015-09-20,2,-4
2015-09-21,2,-5
2015-09-22,2,-4
2015-09-23,2,-5
2015-09-24,2,-6
2015-09-25,2,-7
2015-09-26,2,-8
2015-09-27,2,-9
2015-09-28,2,-8
2015-09-29,2,-7
2015-09-30,2,-6
2015-10-01,2,-7
2015-10-02,2,-6
2015-10-03,2,-7
2015-10-04,2,-6
2015-10-05,2,-5
2015-10-06,2,-6
2015-10-07,2,-5
2015-10-08,2,-4
2015-10-09,2,-3
2015-10-10,2,-2
2015-10-11,2,-1
2015-10-12,2,-2
2015-10-13,2,-1
2015-10-14,2,0
2015-10-15,2,-1
2015-10-16,2,0
2015-10-17,2,-1
2015-10-18,2,0
2015-10-19,2,1
2015-10-20,2,0
2015-10-21,2,-1
2015-10-22,2,0
2015-10-23,2,1
2015-10-24,2,0
2015-10-25,2,1
2015-10-26,2,0
2015-10-27,2,1
2015-10-28,2,2
2015-10-29,2,3
2015-10-30,2,2
2015-10-31,2,1
2015-11-01,2,0
2015-11-02,2,-1
2015-11-03,2,0
2015-11-04,2,-1
2015-11-05,2,-2
2015-11-06,2,-1
2015-11-07,2,-2
2015-11-08,2,-3
2015-11-09,2,-2
2015-11-10,2,-3
2015-11-11,2,-4
2015-11-12,2,-3
2015-11-13,2,-2
2015-11-14,2,-3
2015-11-15,2,-2
2015-11-16,2,-3
2015-11-17,2,-2
2015-11-18,2,-1
2015-11-19,2,0
2015-11-20,2,-1
2015-11-21,2,-2
2015-11-22,2,-3
2015-11-23,2,-2
2015-11-24,2,-3
2015-11-25,2,-4
2015-11-26,2,-5
2015-11-27,2,-6
2015-11-28,2,-5
2015-11-29,2,-6
2015-11-30,2,-7
2015-12-01,2,-6
2015-12-02,2,-5
2015-12-03,2,-4
2015-12-04,2,-5
2015-12-05,2,-4
2015-12-06,2,-5
2015-12-07,2,-6
2015-12-08,2,-7
2015-12-09,2,-8
2015-12-10,2,-9
2015-12-11,2,-10
2015-12-12,2,-11
2015-12-13,2,-12
2015-12-14,2,-13
2015-12-15,2,-14
2015-12-16,2,-13
2015-12-17,2,-12
2015-12-18,2,-11
2015-12-19,2,-12
2015-12-20,2,-13
2015-12-21,2,-14
2015-12-22,2,-15
2015-12-23,2,-16
2015-12-24,2,-17
2015-12-25,2,-16
2015-12-26,2,-17
2015-12-27,2,-18
2015-12-28,2,-17
2015-12-29,2,-18
2015-12-30,2,-19
2015-12-31,2,-20
2016-01-01,2,-19
2016-01-02,2,-20
2016-01-03,2,-19
2016-01-04,2,-18
2016-01-05,2,-19
2016-01-06,2,-20
2016-01-07,2,-21
2016-01-08,2,-22
2016-01-09,2,-21
2016-01-10,2,-20
2016-01-11,2,-19
2016-01-12,2,-20
2016-01-13,2,-21
2016-01-14,2,-22
2016-01-15,2,-21
2016-01-16,2,-22
2016-01-17,2,-23
2016-01-18,2,-22
2016-01-19,2,-23
2016-01-20,2,-22
2016-01-21,2,-21
2016-01-22,2,-20
2016-01-23,2,-19
2016-01-24,2,-18
2016-01-25,2,-19
2016-01-26,2,-20
2016-01-27,2,-21
2016-01-28,2,-20
2016-01-29,2,-21
2016-01-30,2,-20
2016-01-31,2,-19
2016-02-01,2,-20
2016-02-02,2,-21
2016-02-03,2,-22
2016-02-04,2,-23
2016-02-05,2,-24
2016-02-06,2,-25
2016-02-07,2,-26
2016-02-08,2,-25
2016-02-09,2,-26
2016-02-10,2,-25
2016-02-11,2,-24
2016-02-12,2,-23
2016-02-13,2,-24
2016-02-14,2,-23
2016-02-15,2,-24
2016-02-16,2,-23
2016-02-17,2,-22
2016-02-18,2,-23
2016-02-19,2,-24
2016-02-20,2,-25
2016-02-21,2,-24
2016-02-22,2,-23
2016-02-23,2,-24
2016-02-24,2,-23
2016-02-25,2,-22
2016-02-26,2,-21
2016-02-27,2,-20
2016-02-28,2,-21
2016-02-29,2,-22
2016-03-01,2,-21
2016-03-02,2,-22
2016-03-03,2,-23
2016-03-04,2,-22
2016-03-05,2,-23
2016-03-06,2,-24
2016-03-07,2,-23
2016-03-08,2,-24
2016-03-09,2,-23
2016-03-10,2,-22
2016-03-11,2,-21
2016-03-12,2,-22
2016-03-13,2,-21
2016-03-14,2,-22
2016-03-15,2,-23
2016-03-16,2,-22
2016-03-17,2,-21
2016-03-18,2,-20
2016-03-19,2,-21
2016-03-20,2,-20
2016-03-21,2,-19
2016-03-22,2,-18
2016-03-23,2,-19
2016-03-24,2,-18
2016-03-25,2,-19
2016-03-26,2,-20
2016-03-27,2,-21
2016-03-28,2,-20
2016-03-29,2,-19
2016-03-30,2,-18
2016-03-31,2,-19
2016-04-01,2,-18
2016-04-02,2,-17
2016-04-03,2,-16
2016-04-04,2,-17
2016-04-05,2,-18
2016-04-06,2,-17
2016-04-07,2,-16
2016-04-08,2,-15
2016-04-09,2,-16
2016-04-10,2,-17
2016-04-11,2,-18
2016-04-12,2,-19
2016-04-13,2,-20
2016-04-14,2,-19
2016-04-15,2,-20
2016-04-16,2,-19
2016-04-17,2,-20
2016-04-18,2,-19
2016-04-19,2,-20
2016-04-20,2,-19
2016-04-21,2,-18
2016-04-22,2,-19
2016-04-23,2,-20
2016-04-24,2,-21
2016-04-25,2,-20
2016-04-26,2,-19
2016-04-27,2,-18
2016-04-28,2,-17
2016-04-29,2,-16
2016-04-30,2,-15
2016-05-01,2,-16
2016-05-02,2,-15
2016-05-03,2,-16
2016-05-04,2,-17
2016-05-05,2,-18
2016-05-06,2,-17
2016-05-07,2,-16
2016-05-08,2,-15
2016-05-09,2,-14
2016-05-10,2,-13
2016-05-11,2,-12
2016-05-12,2,-11
2016-05-13,2,-10
2016-05-14,2,-11
2016-05-15,2,-12
2016-05-16,2,-11
2016-05-17,2,-10
2016-05-18,2,-9
2016-05-19,2,-10
2016-05-20,2,-9
2016-05-21,2,-10
2016-05-22,2,-9
2016-05-23,2,-10
2016-05-24,2,-9
2016-05-25,2,-10
2016-05-26,2,-11
2016-05-27,2,-10
2016-05-28,2,-9
2016-05-29,2,-10
2016-05-30,2,-11
2016-05-31,2,-12
2016-06-01,2,-11
2016-06-02,2,-10
2016-06-03,2,-11
2016-06-04,2,-10
2016-06-05,2,-11
2016-06-06,2,-12
2016-06-07,2,-11
2016-06-08,2,-12
2016-06-09,2,-13
2016-06-10,2,-14
2016-06-11,2,-13
2016-06-12,2,-14
2016-06-13,2,-13
2016-06-14,2,-14
2016-06-15,2,-13
2016-06-16,2,-14
2016-06-17,2,-15
2016-06-18,2,-14
2016-06-19,2,-15
2016-06-20,2,-16
2016-06-21,2,-15
2016-06-22,2,-16
2016-06-23,2,-15
2016-06-24,2,-14
2016-06-25,2,-13
2016-06-26,2,-12
2016-06-27,2,-11
2016-06-28,2,-10
2016-06-29,2,-11
2016-06-30,2,-10
2016-07-01,2,-11
2016-07-02,2,-12
2016-07-03,2,-11
2016-07-04,2,-10
2016-07-05,2,-11
2016-07-06,2,-12
2016-07-07,2,-11
2016-07-08,2,-10
2016-07-09,2,-11
2016-07-10,2,-12
2016-07-11,2,-11
2016-07-12,2,-10
2016-07-13,2,-11
2016-07-14,2,-12
2016-07-15,2,-13
2016-07-16,2,-14
2016-07-17,2,-13
2016-07-18,2,-14
2016-07-19,2,-13
2016-07-20,2,-14
2016-07-21,2,-13
2016-07-22,2,-12
2016-07-23,2,-11
2016-07-24,2,-12
2016-07-25,2,-11
2016-07-26,2,-10
2016-07-27,2,-11
2016-07-28,2,-12
2016-07-29,2,-13
2016-07-30,2,-14
2016-07-31,2,-13
2016-08-01,2,-12
2016-08-02,2,-13
2016-08-03,2,-12
2016-08-04,2,-11
2016-08-05,2,-12
2016-08-06,2,-11
2016-08-07,2,-10
2016-08-08,2,-11
2016-08-09,2,-10
2016-08-10,2,-11
2016-08-11,2,-10
2016-08-12,2,-11
2016-08-13,2,-12
2016-08-14,2,-13
2016-08-15,2,-14
2016-08-16,2,-15
2016-08-17,2,-14
2016-08-18,2,-13
2016-08-19,2,-14
2016-08-20,2,-13
2016-08-21,2,-12
2016-08-22,2,-13
2016-08-23,2,-12
2016-08-24,2,-11
2016-08-25,2,-12
2016-08-26,2,-11
2016-08-27,2,-10
2016-08-28,2,-9
2016-08-29,2,-10
2016-08-30,2,-9
2016-08-31,2,-8
2016-09-01,2,-7
2016-09-02,2,-8
2016-09-03,2,-7
2016-09-04,2,-6
2016-09-05,2,-7
2016-09-06,2,-6
2016-09-07,2,-5
2016-09-08,2,-4
2016-09-09,2,-3
2016-09-10,2,-4
2016-09-11,2,-5
2016-09-12,2,-4
2016-09-13,2,-5
2016-09-14,2,-4
2016-09-15,2,-5
2016-09-16,2,-6
2016-09-17,2,-5
2016-09-18,2,-6
2016-09-19,2,-7
2016-09-20,2,-6
2016-09-21,2,-7
2016-09-22,2,-8
2016-09-23,2,-7
2016-09-24,2,-8
2016-09-25,2,-7
2016-09-26,2,-6
2016-09-27,2,-7
2016-09-28,2,-8
2016-09-29,2,-9
2016-09-30,2,-10
2016-10-01,2,-9
2016-10-02,2,-10
2016-10-03,2,-11
2016-10-04,2,-12
2016-10-05,2,-11
2016-10-06,2,-10
2016-10-07,2,-9
2016-10-08,2,-8
2016-10-09,2,-9
2016-10-10,2,-8
2016-10-11,2,-7
2016-10-12,2,-8
2016-10-13,2,-9
2016-10-14,2,-8
2016-10-15,2,-7
2016-10-16,2,-8
2016-10-17,2,-7
2016-10-18,2,-6
2016-10-19,2,-7
2016-10-20,2,-6
2016-10-21,2,-5
2016-10-22,2,-4
2016-10-23,2,-3
2016-10-24,2,-4
2016-10-25,2,-5
2016-10-26,2,-4
2016-10-27,2,-5
2016-10-28,2,-6
2016-10-29,2,-7
2016-10-30,2,-8
2016-10-31,2,-9
2016-11-01,2,-8
2016-11-02,2,-9
2016-11-03,2,-10
2016-11-04,2,-9
2016-11-05,2,-10
2016-11-06,2,-9
2016-11-07,2,-10
2016-11-08,2,-9
2016-11-09,2,-10
2016-11-10,2,-9
2016-11-11,2,-8
2016-11-12,2,-9
2016-11-13,2,-10
2016-11-14,2,-9
2016-11-15,2,-8
2016-11-16,2,-9
2016-11-17,2,-8
2016-11-18,2,-7
2016-11-19,2,-8
2016-11-20,2,-9
2016-11-21,2,-8
2016-11-22,2,-7
2016-11-23,2,-8
2016-11-24,2,-7
2016-11-25,2,-6
2016-11-26,2,-7
2016-11-27,2,-8
2016-11-28,2,-9
2016-11-29,2,-10
2016-11-30,2,-11
2016-12-01,2,-10
2016-12-02,2,-9
2016-12-03,2,-8
2016-12-04,2,-9
2016-12-05,2,-10
2016-12-06,2,-9
2016-12-07,2,-10
2016-12-08,2,-9
2016-12-09,2,-8
2016-12-10,2,-9
2016-12-11,2,-10
2016-12-12,2,-11
2016-12-13,2,-10
2016-12-14,2,-11
2016-12-15,2,-10
2016-12-16,2,-11
2016-12-17,2,-12
2016-12-18,2,-13
2016-12-19,2,-12
2016-12-20,2,-11
2016-12-21,2,-10
2016-12-22,2,-11
2016-12-23,2,-10
2016-12-24,2,-9
2016-12-25,2,-8
2016-12-26,2,-7
2016-12-27,2,-8
2016-12-28,2,-9
2016-12-29,2,-10
2016-12-30,2,-9
2016-12-31,2,-8
2017-01-01,2,-9
2017-01-02,2,-8
2017-01-03,2,-9
2017-01-04,2,-10
2017-01-05,2,-9
2017-01-06,2,-8
2017-01-07,2,-9
2017-01-08,2,-10
2017-01-09,2,-11
2017-01-10,2,-12
2017-01-11,2,-11
2017-01-12,2,-10
2017-01-13,2,-9
2017-01-14,2,-8
2017-01-15,2,-9
2017-01-16,2,-10
2017-01-17,2,-11
2017-01-18,2,-10
2017-01-19,2,-11
2017-01-20,2,-12
2017-01-21,2,-13
2017-01-22,2,-12
2017-01-23,2,-11
2017-01-24,2,-10
2017-01-25,2,-11
2017-01-26,2,-10
2017-01-27,2,-9
2017-01-28,2,-10
2017-01-29,2,-9
2017-01-30,2,-10
2017-01-31,2,-11
2017-02-01,2,-12
2017-02-02,2,-13
2017-02-03,2,-14
2017-02-04,2,-13
2017-02-05,2,-12
2017-02-06,2,-13
2017-02-07,2,-14
2017-02-08,2,-15
2017-02-09,2,-16
2017-02-10,2,-17
2017-02-11,2,-18
2017-02-12,2,-17
2017-02-13,2,-16
2017-02-14,2,-15
2017-02-15,2,-16
2017-02-16,2,-15
2017-02-17,2,-14
2017-02-18,2,-15
2017-02-19,2,-14
2017-02-20,2,-15
2017-02-21,2,-16
2017-02-22,2,-17
2017-02-23,2,-16
2017-02-24,2,-17
2017-02-25,2,-16
2017-02-26,2,-17
2017-02-27,2,-18
2017-02-28,2,-19
2017-03-01,2,-18
2017-03-02,2,-19
2017-03-03,2,-20
2017-03-04,2,-21
2017-03-05,2,-22
2017-03-06,2,-23
2017-03-07,2,-22
2017-03-08,2,-21
2017-03-09,2,-22
2017-03-10,2,-23
2017-03-11,2,-22
2017-03-12,2,-23
2017-03-13,2,-24
2017-03-14,2,-25
2017-03-15,2,-24
2017-03-16,2,-25
2017-03-17,2,-24
2017-03-18,2,-25
2017-03-19,2,-26
2017-03-20,2,-25
2017-03-21,2,-24
2017-03-22,2,-25
2017-03-23,2,-26
2017-03-24,2,-25
2017-03-25,2,-26
2017-03-26,2,-27
2017-03-27,2,-28
2017-03-28,2,-29
2017-03-29,2,-28
2017-03-30,2,-29
2017-03-31,2,-30
2017-04-01,2,-29
2017-04-02,2,-30
2017-04-03,2,-29
2017-04-04,2,-30
2017-04-05,2,-29
2017-04-06,2,-28
2017-04-07,2,-29
2017-04-08,2,-28
2017-04-09,2,-27
2017-04-10,2,-26
2017-04-11,2,-27
2017-04-12,2,-28
2017-04-13,2,-27
2017-04-14,2,-26
2017-04-15,2,-25
2017-04-16,2,-24
2017-04-17,2,-23
2017-04-18,2,-24
2017-04-19,2,-23
2017-04-20,2,-24
2017-04-21,2,-23
2017-04-22,2,-24
2017-04-23,2,-23
2017-04-24,2,-22
2017-04-25,2,-23
2017-04-26,2,-24
2017-04-27,2,-23
2017-04-28,2,-22
2017-04-29,2,-23
2017-04-30,2,-24
2017-05-01,2,-23
2017-05-02,2,-24
2017-05-03,2,-25
2017-05-04,2,-26
2017-05-05,2,-25
2017-05-06,2,-26
2017-05-07,2,-27
2017-05-08,2,-26
2017-05-09,2,-27
2017-05-10,2,-28
2017-05-11,2,-29
2017-05-12,2,-30
2017-05-13,2,-29
2017-05-14,2,-28
2017-05-15,2,-29
2017-05-16,2,-28
2017-05-17,2,-29
2017-05-18,2,-28
2017-05-19,2,-27
2017-05-20,2,-28
2017-05-21,2,-27
2017-05-22,2,-26
2017-05-23,2,-27
2017-05-24,2,-26
2017-05-25,2,-27
2017-05-26,2,-28
2017-05-27,2,-29
2017-05-28,2,-30
2017-05-29,2,-31
2017-05-30,2,-32
2017-05-31,2,-33
2017-06-01,2,-34
2017-06-02,2,-35
2017-06-03,2,-34
2017-06-04,2,-35
2017-06-05,2,-34
2017-06-06,2,-33
2017-06-07,2,-34
2017-06-08,2,-33
2017-06-09,2,-32
2017-06-10,2,-33
2017-06-11,2,-32
2017-06-12,2,-33
2017-06-13,2,-34
2017-06-14,2,-35
2017-06-15,2,-34
2017-06-16,2,-33
2017-06-17,2,-34
2017-06-18,2,-33
2017-06-19,2,-34
2017-06-20,2,-33
2017-06-21,2,-32
2017-06-22,2,-33
2017-06-23,2,-32
2017-06-24,2,-31
2017-06-25,2,-32
2017-06-26,2,-31
2017-06-27,2,-30
2017-06-28,2,-31
2017-06-29,2,-30
2017-06-30,2,-31
2017-07-01,2,-32
2017-07-02,2,-31
2017-07-03,2,-30
2017-07-04,2,-29
2017-07-05,2,-30
2017-07-06,2,-31
2017-07-07,2,-30
2017-07-08,2,-29
2017-07-09,2,-30
2017-07-10,2,-31
2017-07-11,2,-32
2017-07-12,2,-31
2017-07-13,2,-30
2017-07-14,2,-31
2017-07-15,2,-32
2017-07-16,2,-31
2017-07-17,2,-32
2017-07-18,2,-31
2017-07-19,2,-32
2017-07-20,2,-33
2017-07-21,2,-32
2017-07-22,2,-33
2017-07-23,2,-32
2017-07-24,2,-31
2017-07-25,2,-30
2017-07-26,2,-29
2017-07-27,2,-28
2017-07-28,2,-27
2017-07-29,2,-26
2017-07-30,2,-27
2017-07-31,2,-26
2017-08-01,2,-25
2017-08-02,2,-24
2017-08-03,2,-23
2017-08-04,2,-24
2017-08-05,2,-23
2017-08-06,2,-22
2017-08-07,2,-21
2017-08-08,2,-22
2017-08-09,2,-21
2017-08-10,2,-20
2017-08-11,2,-19
2017-08-12,2,-20
2017-08-13,2,-21
2017-08-14,2,-22
2017-08-15,2,-21
2017-08-16,2,-20
2017-08-17,2,-21
2017-08-18,2,-22
2017-08-19,2,-21
2017-08-20,2,-20
2017-08-21,2,-19
2017-08-22,2,-18
2017-08-23,2,-17
2017-08-24,2,-16
2017-08-25,2,-15
2017-08-26,2,-16
2017-08-27,2,-17
2017-08-28,2,-16
2017-08-29,2,-15
2017-08-30,2,-16
2017-08-31,2,-17
2017-09-01,2,-16
2017-09-02,2,-17
2017-09-03,2,-16
2017-09-04,2,-17
2017-09-05,2,-16
2017-09-06,2,-15
2017-09-07,2,-14
2017-09-08,2,-15
2017-09-09,2,-16
2017-09-10,2,-15
2017-09-11,2,-16
2017-09-12,2,-17
2017-09-13,2,-16
2017-09-14,2,-15
2017-09-15,2,-16
2017-09-16,2,-15
2017-09-17,2,-16
2017-09-18,2,-15
2017-09-19,2,-14
2017-09-20,2,-13
2017-09-21,2,-14
2017-09-22,2,-15
2017-09-23,2,-14
2017-09-24,2,-15
2017-09-25,2,-14
2017-09-26,2,-13
2017-09-27,2,-14
2017-09-28,2,-15
2017-09-29,2,-16
2017-09-30,2,-15
2017-10-01,2,-16
2017-10-02,2,-17
2017-10-03,2,-16
2017-10-04,2,-17
2017-10-05,2,-18
2017-10-06,2,-17
2017-10-07,2,-16
2017-10-08,2,-17
2017-10-09,2,-16
2017-10-10,2,-17
2017-10-11,2,-16
2017-10-12,2,-17
2017-10-13,2,-18
2017-10-14,2,-19
2017-10-15,2,-18
2017-10-16,2,-19
2017-10-17,2,-20
2017-10-18,2,-19
2017-10-19,2,-20
2017-10-20,2,-21
2017-10-21,2,-22
2017-10-22,2,-21
2017-10-23,2,-20
2017-10-24,2,-19
2017-10-25,2,-20
2017-10-26,2,-19
2017-10-27,2,-18
2017-10-28,2,-17
2017-10-29,2,-16
2017-10-30,2,-17
2017-10-31,2,-18
2017-11-01,2,-17
2017-11-02,2,-16
2017-11-03,2,-15
2017-11-04,2,-14
2017-11-05,2,-15
2017-11-06,2,-16
2017-11-07,2,-15
2017-11-08,2,-14
2017-11-09,2,-13
2017-11-10,2,-14
2017-11-11,2,-15
2017-11-12,2,-14
2017-11-13,2,-13
2017-11-14,2,-14
2017-11-15,2,-13
2017-11-16,2,-14
2017-11-17,2,-13
2017-11-18,2,-12
2017-11-19,2,-11
2017-11-20,2,-10
2017-11-21,2,-11
2017-11-22,2,-10
2017-11-23,2,-11
2017-11-24,2,-10
2017-11-25,2,-9
2017-11-26,2,-10
2017-11-27,2,-9
2017-11-28,2,-10
2017-11-29,2,-11
2017-11-30,2,-10
2017-12-01,2,-9
2017-12-02,2,-8
2017-12-03,2,-9
2017-12-04,2,-10
2017-12-05,2,-9
2017-12-06,2,-10
2017-12-07,2,-9
2017-12-08,2,-10
2017-12-09,2,-11
2017-12-10,2,-10
2017-12-11,2,-9
2017-12-12,2,-8
2017-12-13,2,-7
2017-12-14,2,-6
2017-12-15,2,-5
2017-12-16,2,-6
2017-12-17,2,-7
2017-12-18,2,-6
2017-12-19,2,-7
2017-12-20,2,-8
2017-12-21,2,-7
2017-12-22,2,-6
2017-12-23,2,-7
2017-12-24,2,-8
2017-12-25,2,-7
2017-12-26,2,-8
2017-12-27,2,-7
2017-12-28,2,-6
2017-12-29,2,-5
2017-12-30,2,-4
2017-12-31,2,-3
